client_device_id, server_device_id, phone_vendor, bt_version, bt_vendor, mtu, comm_method, conn_int, jitter,wifi_rate,wifi_dir,wifi_target
NMF26X.J320VVRS2BRA2, OPSS28.85-17-6, unknown, unknown, unknown,23, write_cmd,0,328750,2M,out,client
NMF26X.J320VVRS2BRA2, OPSS28.85-17-6, unknown, unknown, unknown,23, write_cmd,0,46635161,2M,out,client
NMF26X.J320VVRS2BRA2, OPSS28.85-17-6, unknown, unknown, unknown,23, write_cmd,0,47088026,2M,out,client
NMF26X.J320VVRS2BRA2, OPSS28.85-17-6, unknown, unknown, unknown,23, write_cmd,0,47563338,2M,out,client
NMF26X.J320VVRS2BRA2, OPSS28.85-17-6, unknown, unknown, unknown,23, write_cmd,0,47872141,2M,out,client
NMF26X.J320VVRS2BRA2, OPSS28.85-17-6, unknown, unknown, unknown,23, write_cmd,0,48695318,2M,out,client
NMF26X.J320VVRS2BRA2, OPSS28.85-17-6, unknown, unknown, unknown,23, write_cmd,0,49246203,2M,out,client
NMF26X.J320VVRS2BRA2, OPSS28.85-17-6, unknown, unknown, unknown,23, write_cmd,0,50030266,2M,out,client
NMF26X.J320VVRS2BRA2, OPSS28.85-17-6, unknown, unknown, unknown,23, write_cmd,0,50643287,2M,out,client
NMF26X.J320VVRS2BRA2, OPSS28.85-17-6, unknown, unknown, unknown,23, write_cmd,0,51406724,2M,out,client
NMF26X.J320VVRS2BRA2, OPSS28.85-17-6, unknown, unknown, unknown,23, write_cmd,0,51877714,2M,out,client
NMF26X.J320VVRS2BRA2, OPSS28.85-17-6, unknown, unknown, unknown,23, write_cmd,0,52581828,2M,out,client
NMF26X.J320VVRS2BRA2, OPSS28.85-17-6, unknown, unknown, unknown,23, write_cmd,0,53242037,2M,out,client
NMF26X.J320VVRS2BRA2, OPSS28.85-17-6, unknown, unknown, unknown,23, write_cmd,0,53835631,2M,out,client
NMF26X.J320VVRS2BRA2, OPSS28.85-17-6, unknown, unknown, unknown,23, write_cmd,0,54838339,2M,out,client
NMF26X.J320VVRS2BRA2, OPSS28.85-17-6, unknown, unknown, unknown,23, write_cmd,0,55241985,2M,out,client
NMF26X.J320VVRS2BRA2, OPSS28.85-17-6, unknown, unknown, unknown,23, write_cmd,0,55951777,2M,out,client
NMF26X.J320VVRS2BRA2, OPSS28.85-17-6, unknown, unknown, unknown,23, write_cmd,0,97283708,2M,out,client
NMF26X.J320VVRS2BRA2, OPSS28.85-17-6, unknown, unknown, unknown,23, write_cmd,0,98020895,2M,out,client
NMF26X.J320VVRS2BRA2, OPSS28.85-17-6, unknown, unknown, unknown,23, write_cmd,0,98609073,2M,out,client
NMF26X.J320VVRS2BRA2, OPSS28.85-17-6, unknown, unknown, unknown,23, write_cmd,0,99182354,2M,out,client
NMF26X.J320VVRS2BRA2, OPSS28.85-17-6, unknown, unknown, unknown,23, write_cmd,0,146681109,2M,out,client
NMF26X.J320VVRS2BRA2, OPSS28.85-17-6, unknown, unknown, unknown,23, write_cmd,0,148765067,2M,out,client
NMF26X.J320VVRS2BRA2, OPSS28.85-17-6, unknown, unknown, unknown,23, write_cmd,0,149462880,2M,out,client
NMF26X.J320VVRS2BRA2, OPSS28.85-17-6, unknown, unknown, unknown,23, write_cmd,0,150175536,2M,out,client
NMF26X.J320VVRS2BRA2, OPSS28.85-17-6, unknown, unknown, unknown,23, write_cmd,0,151037932,2M,out,client
NMF26X.J320VVRS2BRA2, OPSS28.85-17-6, unknown, unknown, unknown,23, write_cmd,0,151750953,2M,out,client
NMF26X.J320VVRS2BRA2, OPSS28.85-17-6, unknown, unknown, unknown,23, write_cmd,0,152355536,2M,out,client
NMF26X.J320VVRS2BRA2, OPSS28.85-17-6, unknown, unknown, unknown,23, write_cmd,0,152962359,2M,out,client
NMF26X.J320VVRS2BRA2, OPSS28.85-17-6, unknown, unknown, unknown,23, write_cmd,0,153568557,2M,out,client
NMF26X.J320VVRS2BRA2, OPSS28.85-17-6, unknown, unknown, unknown,23, write_cmd,0,154229234,2M,out,client
NMF26X.J320VVRS2BRA2, OPSS28.85-17-6, unknown, unknown, unknown,23, write_cmd,0,154804964,2M,out,client
NMF26X.J320VVRS2BRA2, OPSS28.85-17-6, unknown, unknown, unknown,23, write_cmd,0,155370432,2M,out,client
NMF26X.J320VVRS2BRA2, OPSS28.85-17-6, unknown, unknown, unknown,23, write_cmd,0,155938037,2M,out,client
NMF26X.J320VVRS2BRA2, OPSS28.85-17-6, unknown, unknown, unknown,23, write_cmd,0,156501787,2M,out,client
NMF26X.J320VVRS2BRA2, OPSS28.85-17-6, unknown, unknown, unknown,23, write_cmd,0,157067256,2M,out,client
NMF26X.J320VVRS2BRA2, OPSS28.85-17-6, unknown, unknown, unknown,23, write_cmd,0,157710537,2M,out,client
NMF26X.J320VVRS2BRA2, OPSS28.85-17-6, unknown, unknown, unknown,23, write_cmd,0,194645124,2M,out,client
NMF26X.J320VVRS2BRA2, OPSS28.85-17-6, unknown, unknown, unknown,23, write_cmd,0,195331478,2M,out,client
NMF26X.J320VVRS2BRA2, OPSS28.85-17-6, unknown, unknown, unknown,23, write_cmd,0,195913770,2M,out,client
NMF26X.J320VVRS2BRA2, OPSS28.85-17-6, unknown, unknown, unknown,23, write_cmd,0,244480181,2M,out,client
NMF26X.J320VVRS2BRA2, OPSS28.85-17-6, unknown, unknown, unknown,23, write_cmd,0,245951796,2M,out,client
NMF26X.J320VVRS2BRA2, OPSS28.85-17-6, unknown, unknown, unknown,23, write_cmd,0,246608983,2M,out,client
NMF26X.J320VVRS2BRA2, OPSS28.85-17-6, unknown, unknown, unknown,23, write_cmd,0,247388723,2M,out,client
NMF26X.J320VVRS2BRA2, OPSS28.85-17-6, unknown, unknown, unknown,23, write_cmd,0,247997265,2M,out,client
NMF26X.J320VVRS2BRA2, OPSS28.85-17-6, unknown, unknown, unknown,23, write_cmd,0,341682430,2M,out,client
NMF26X.J320VVRS2BRA2, OPSS28.85-17-6, unknown, unknown, unknown,23, write_cmd,0,342377899,2M,out,client
NMF26X.J320VVRS2BRA2, OPSS28.85-17-6, unknown, unknown, unknown,23, write_cmd,0,342962951,2M,out,client
NMF26X.J320VVRS2BRA2, OPSS28.85-17-6, unknown, unknown, unknown,23, write_cmd,0,343540243,2M,out,client
NMF26X.J320VVRS2BRA2, OPSS28.85-17-6, unknown, unknown, unknown,23, write_cmd,0,345646858,2M,out,client
NMF26X.J320VVRS2BRA2, OPSS28.85-17-6, unknown, unknown, unknown,23, write_cmd,0,346289566,2M,out,client
NMF26X.J320VVRS2BRA2, OPSS28.85-17-6, unknown, unknown, unknown,23, write_cmd,0,389543060,2M,out,client
NMF26X.J320VVRS2BRA2, OPSS28.85-17-6, unknown, unknown, unknown,23, write_cmd,0,390989571,2M,out,client
NMF26X.J320VVRS2BRA2, OPSS28.85-17-6, unknown, unknown, unknown,23, write_cmd,0,391890821,2M,out,client
NMF26X.J320VVRS2BRA2, OPSS28.85-17-6, unknown, unknown, unknown,23, write_cmd,0,393033581,2M,out,client
NMF26X.J320VVRS2BRA2, OPSS28.85-17-6, unknown, unknown, unknown,23, write_cmd,0,393673269,2M,out,client
NMF26X.J320VVRS2BRA2, OPSS28.85-17-6, unknown, unknown, unknown,23, write_cmd,0,394377696,2M,out,client
NMF26X.J320VVRS2BRA2, OPSS28.85-17-6, unknown, unknown, unknown,23, write_cmd,0,394977904,2M,out,client
NMF26X.J320VVRS2BRA2, OPSS28.85-17-6, unknown, unknown, unknown,23, write_cmd,0,395572592,2M,out,client
NMF26X.J320VVRS2BRA2, OPSS28.85-17-6, unknown, unknown, unknown,23, write_cmd,0,396335456,2M,out,client
NMF26X.J320VVRS2BRA2, OPSS28.85-17-6, unknown, unknown, unknown,23, write_cmd,0,396959936,2M,out,client
NMF26X.J320VVRS2BRA2, OPSS28.85-17-6, unknown, unknown, unknown,23, write_cmd,0,397635925,2M,out,client
NMF26X.J320VVRS2BRA2, OPSS28.85-17-6, unknown, unknown, unknown,23, write_cmd,0,398221134,2M,out,client
NMF26X.J320VVRS2BRA2, OPSS28.85-17-6, unknown, unknown, unknown,23, write_cmd,0,398793530,2M,out,client
NMF26X.J320VVRS2BRA2, OPSS28.85-17-6, unknown, unknown, unknown,23, write_cmd,0,399473894,2M,out,client
NMF26X.J320VVRS2BRA2, OPSS28.85-17-6, unknown, unknown, unknown,23, write_cmd,0,400054884,2M,out,client
NMF26X.J320VVRS2BRA2, OPSS28.85-17-6, unknown, unknown, unknown,23, write_cmd,0,400694884,2M,out,client
NMF26X.J320VVRS2BRA2, OPSS28.85-17-6, unknown, unknown, unknown,23, write_cmd,0,438240929,2M,out,client
NMF26X.J320VVRS2BRA2, OPSS28.85-17-6, unknown, unknown, unknown,23, write_cmd,0,439168117,2M,out,client
NMF26X.J320VVRS2BRA2, OPSS28.85-17-6, unknown, unknown, unknown,23, write_cmd,0,442271034,2M,out,client
NMF26X.J320VVRS2BRA2, OPSS28.85-17-6, unknown, unknown, unknown,23, write_cmd,0,443687440,2M,out,client
NMF26X.J320VVRS2BRA2, OPSS28.85-17-6, unknown, unknown, unknown,23, write_cmd,0,444794368,2M,out,client
NMF26X.J320VVRS2BRA2, OPSS28.85-17-6, unknown, unknown, unknown,23, write_cmd,0,445939159,2M,out,client
NMF26X.J320VVRS2BRA2, OPSS28.85-17-6, unknown, unknown, unknown,23, write_cmd,0,446560930,2M,out,client
NMF26X.J320VVRS2BRA2, OPSS28.85-17-6, unknown, unknown, unknown,23, write_cmd,0,447148795,2M,out,client
NMF26X.J320VVRS2BRA2, OPSS28.85-17-6, unknown, unknown, unknown,23, write_cmd,0,447774576,2M,out,client
NMF26X.J320VVRS2BRA2, OPSS28.85-17-6, unknown, unknown, unknown,23, write_cmd,0,448062493,2M,out,client
NMF26X.J320VVRS2BRA2, OPSS28.85-17-6, unknown, unknown, unknown,23, write_cmd,0,448334316,2M,out,client
NMF26X.J320VVRS2BRA2, OPSS28.85-17-6, unknown, unknown, unknown,23, write_cmd,0,448609003,2M,out,client
NMF26X.J320VVRS2BRA2, OPSS28.85-17-6, unknown, unknown, unknown,23, write_cmd,0,448877076,2M,out,client
NMF26X.J320VVRS2BRA2, OPSS28.85-17-6, unknown, unknown, unknown,23, write_cmd,0,449146399,2M,out,client
NMF26X.J320VVRS2BRA2, OPSS28.85-17-6, unknown, unknown, unknown,23, write_cmd,0,450928483,2M,out,client
NMF26X.J320VVRS2BRA2, OPSS28.85-17-6, unknown, unknown, unknown,23, write_cmd,0,451224212,2M,out,client
NMF26X.J320VVRS2BRA2, OPSS28.85-17-6, unknown, unknown, unknown,23, write_cmd,0,486731455,2M,out,client
NMF26X.J320VVRS2BRA2, OPSS28.85-17-6, unknown, unknown, unknown,23, write_cmd,0,538417658,2M,out,client
NMF26X.J320VVRS2BRA2, OPSS28.85-17-6, unknown, unknown, unknown,23, write_cmd,0,540258492,2M,out,client
NMF26X.J320VVRS2BRA2, OPSS28.85-17-6, unknown, unknown, unknown,23, write_cmd,0,540661773,2M,out,client
NMF26X.J320VVRS2BRA2, OPSS28.85-17-6, unknown, unknown, unknown,23, write_cmd,0,540875523,2M,out,client
NMF26X.J320VVRS2BRA2, OPSS28.85-17-6, unknown, unknown, unknown,23, write_cmd,0,541066304,2M,out,client
NMF26X.J320VVRS2BRA2, OPSS28.85-17-6, unknown, unknown, unknown,23, write_cmd,0,541318960,2M,out,client
NMF26X.J320VVRS2BRA2, OPSS28.85-17-6, unknown, unknown, unknown,23, write_cmd,0,541508804,2M,out,client
NMF26X.J320VVRS2BRA2, OPSS28.85-17-6, unknown, unknown, unknown,23, write_cmd,0,541697815,2M,out,client
NMF26X.J320VVRS2BRA2, OPSS28.85-17-6, unknown, unknown, unknown,23, write_cmd,0,541884690,2M,out,client
NMF26X.J320VVRS2BRA2, OPSS28.85-17-6, unknown, unknown, unknown,23, write_cmd,0,542119273,2M,out,client
NMF26X.J320VVRS2BRA2, OPSS28.85-17-6, unknown, unknown, unknown,23, write_cmd,0,542308388,2M,out,client
NMF26X.J320VVRS2BRA2, OPSS28.85-17-6, unknown, unknown, unknown,23, write_cmd,0,543226044,2M,out,client
NMF26X.J320VVRS2BRA2, OPSS28.85-17-6, unknown, unknown, unknown,23, write_cmd,0,543448752,2M,out,client
NMF26X.J320VVRS2BRA2, OPSS28.85-17-6, unknown, unknown, unknown,23, write_cmd,0,543661513,2M,out,client
NMF26X.J320VVRS2BRA2, OPSS28.85-17-6, unknown, unknown, unknown,23, write_cmd,0,543899221,2M,out,client
NMF26X.J320VVRS2BRA2, OPSS28.85-17-6, unknown, unknown, unknown,23, write_cmd,0,544092138,2M,out,client
NMF26X.J320VVRS2BRA2, OPSS28.85-17-6, unknown, unknown, unknown,23, write_cmd,0,582958079,2M,out,client
NMF26X.J320VVRS2BRA2, OPSS28.85-17-6, unknown, unknown, unknown,23, write_cmd,0,583255579,2M,out,client
NMF26X.J320VVRS2BRA2, OPSS28.85-17-6, unknown, unknown, unknown,23, write_cmd,0,584197142,2M,out,client
NMF26X.J320VVRS2BRA2, OPSS28.85-17-6, unknown, unknown, unknown,23, write_cmd,0,584446152,2M,out,client
NMF26X.J320VVRS2BRA2, OPSS28.85-17-6, unknown, unknown, unknown,23, write_cmd,0,584928652,2M,out,client
NMF26X.J320VVRS2BRA2, OPSS28.85-17-6, unknown, unknown, unknown,23, write_cmd,0,585461204,2M,out,client
NMF26X.J320VVRS2BRA2, OPSS28.85-17-6, unknown, unknown, unknown,23, write_cmd,0,586456048,2M,out,client
NMF26X.J320VVRS2BRA2, OPSS28.85-17-6, unknown, unknown, unknown,23, write_cmd,0,586829069,2M,out,client
NMF26X.J320VVRS2BRA2, OPSS28.85-17-6, unknown, unknown, unknown,23, write_cmd,0,587146934,2M,out,client
NMF26X.J320VVRS2BRA2, OPSS28.85-17-6, unknown, unknown, unknown,23, write_cmd,0,588514851,2M,out,client
NMF26X.J320VVRS2BRA2, OPSS28.85-17-6, unknown, unknown, unknown,23, write_cmd,0,588747559,2M,out,client
NMF26X.J320VVRS2BRA2, OPSS28.85-17-6, unknown, unknown, unknown,23, write_cmd,0,589637715,2M,out,client
NMF26X.J320VVRS2BRA2, OPSS28.85-17-6, unknown, unknown, unknown,23, write_cmd,0,589877142,2M,out,client
NMF26X.J320VVRS2BRA2, OPSS28.85-17-6, unknown, unknown, unknown,23, write_cmd,0,591160163,2M,out,client
NMF26X.J320VVRS2BRA2, OPSS28.85-17-6, unknown, unknown, unknown,23, write_cmd,0,591387143,2M,out,client
NMF26X.J320VVRS2BRA2, OPSS28.85-17-6, unknown, unknown, unknown,23, write_cmd,0,592248705,2M,out,client
NMF26X.J320VVRS2BRA2, OPSS28.85-17-6, unknown, unknown, unknown,23, write_cmd,0,631737615,2M,out,client
NMF26X.J320VVRS2BRA2, OPSS28.85-17-6, unknown, unknown, unknown,23, write_cmd,0,632013032,2M,out,client
NMF26X.J320VVRS2BRA2, OPSS28.85-17-6, unknown, unknown, unknown,23, write_cmd,0,632315115,2M,out,client
NMF26X.J320VVRS2BRA2, OPSS28.85-17-6, unknown, unknown, unknown,23, write_cmd,0,632638293,2M,out,client
NMF26X.J320VVRS2BRA2, OPSS28.85-17-6, unknown, unknown, unknown,23, write_cmd,0,633593188,2M,out,client
NMF26X.J320VVRS2BRA2, OPSS28.85-17-6, unknown, unknown, unknown,23, write_cmd,0,634058136,2M,out,client
NMF26X.J320VVRS2BRA2, OPSS28.85-17-6, unknown, unknown, unknown,23, write_cmd,0,635027095,2M,out,client
NMF26X.J320VVRS2BRA2, OPSS28.85-17-6, unknown, unknown, unknown,23, write_cmd,0,635274803,2M,out,client
NMF26X.J320VVRS2BRA2, OPSS28.85-17-6, unknown, unknown, unknown,23, write_cmd,0,636462928,2M,out,client
NMF26X.J320VVRS2BRA2, OPSS28.85-17-6, unknown, unknown, unknown,23, write_cmd,0,636701418,2M,out,client
NMF26X.J320VVRS2BRA2, OPSS28.85-17-6, unknown, unknown, unknown,23, write_cmd,0,637789178,2M,out,client
NMF26X.J320VVRS2BRA2, OPSS28.85-17-6, unknown, unknown, unknown,23, write_cmd,0,638026939,2M,out,client
NMF26X.J320VVRS2BRA2, OPSS28.85-17-6, unknown, unknown, unknown,23, write_cmd,0,639095429,2M,out,client
NMF26X.J320VVRS2BRA2, OPSS28.85-17-6, unknown, unknown, unknown,23, write_cmd,0,639338033,2M,out,client
NMF26X.J320VVRS2BRA2, OPSS28.85-17-6, unknown, unknown, unknown,23, write_cmd,0,640446991,2M,out,client
NMF26X.J320VVRS2BRA2, OPSS28.85-17-6, unknown, unknown, unknown,23, write_cmd,0,640730897,2M,out,client
NMF26X.J320VVRS2BRA2, OPSS28.85-17-6, unknown, unknown, unknown,23, write_cmd,0,680465797,2M,out,client
NMF26X.J320VVRS2BRA2, OPSS28.85-17-6, unknown, unknown, unknown,23, write_cmd,0,680820068,2M,out,client
NMF26X.J320VVRS2BRA2, OPSS28.85-17-6, unknown, unknown, unknown,23, write_cmd,0,681050329,2M,out,client
NMF26X.J320VVRS2BRA2, OPSS28.85-17-6, unknown, unknown, unknown,23, write_cmd,0,683943766,2M,out,client
NMF26X.J320VVRS2BRA2, OPSS28.85-17-6, unknown, unknown, unknown,23, write_cmd,0,684210746,2M,out,client
NMF26X.J320VVRS2BRA2, OPSS28.85-17-6, unknown, unknown, unknown,23, write_cmd,0,684694027,2M,out,client
NMF26X.J320VVRS2BRA2, OPSS28.85-17-6, unknown, unknown, unknown,23, write_cmd,0,684913662,2M,out,client
NMF26X.J320VVRS2BRA2, OPSS28.85-17-6, unknown, unknown, unknown,23, write_cmd,0,685109235,2M,out,client
NMF26X.J320VVRS2BRA2, OPSS28.85-17-6, unknown, unknown, unknown,23, write_cmd,0,685306683,2M,out,client
NMF26X.J320VVRS2BRA2, OPSS28.85-17-6, unknown, unknown, unknown,23, write_cmd,0,685506058,2M,out,client
NMF26X.J320VVRS2BRA2, OPSS28.85-17-6, unknown, unknown, unknown,23, write_cmd,0,686390537,2M,out,client
NMF26X.J320VVRS2BRA2, OPSS28.85-17-6, unknown, unknown, unknown,23, write_cmd,0,687416163,2M,out,client
NMF26X.J320VVRS2BRA2, OPSS28.85-17-6, unknown, unknown, unknown,23, write_cmd,0,687663142,2M,out,client
NMF26X.J320VVRS2BRA2, OPSS28.85-17-6, unknown, unknown, unknown,23, write_cmd,0,688549756,2M,out,client
NMF26X.J320VVRS2BRA2, OPSS28.85-17-6, unknown, unknown, unknown,23, write_cmd,0,689138194,2M,out,client
NMF26X.J320VVRS2BRA2, OPSS28.85-17-6, unknown, unknown, unknown,23, write_cmd,0,689695902,2M,out,client
NMF26X.J320VVRS2BRA2, OPSS28.85-17-6, unknown, unknown, unknown,23, write_cmd,0,729112990,2M,out,client
NMF26X.J320VVRS2BRA2, OPSS28.85-17-6, unknown, unknown, unknown,23, write_cmd,0,729370281,2M,out,client
NMF26X.J320VVRS2BRA2, OPSS28.85-17-6, unknown, unknown, unknown,23, write_cmd,0,729565854,2M,out,client
NMF26X.J320VVRS2BRA2, OPSS28.85-17-6, unknown, unknown, unknown,23, write_cmd,0,730365854,2M,out,client
NMF26X.J320VVRS2BRA2, OPSS28.85-17-6, unknown, unknown, unknown,23, write_cmd,0,731058563,2M,out,client
NMF26X.J320VVRS2BRA2, OPSS28.85-17-6, unknown, unknown, unknown,23, write_cmd,0,731722365,2M,out,client
NMF26X.J320VVRS2BRA2, OPSS28.85-17-6, unknown, unknown, unknown,23, write_cmd,0,732390073,2M,out,client
NMF26X.J320VVRS2BRA2, OPSS28.85-17-6, unknown, unknown, unknown,23, write_cmd,0,733212938,2M,out,client
NMF26X.J320VVRS2BRA2, OPSS28.85-17-6, unknown, unknown, unknown,23, write_cmd,0,734334553,2M,out,client
NMF26X.J320VVRS2BRA2, OPSS28.85-17-6, unknown, unknown, unknown,23, write_cmd,0,734699084,2M,out,client
NMF26X.J320VVRS2BRA2, OPSS28.85-17-6, unknown, unknown, unknown,23, write_cmd,0,734899449,2M,out,client
NMF26X.J320VVRS2BRA2, OPSS28.85-17-6, unknown, unknown, unknown,23, write_cmd,0,735921219,2M,out,client
NMF26X.J320VVRS2BRA2, OPSS28.85-17-6, unknown, unknown, unknown,23, write_cmd,0,736230074,2M,out,client
NMF26X.J320VVRS2BRA2, OPSS28.85-17-6, unknown, unknown, unknown,23, write_cmd,0,737602990,2M,out,client
NMF26X.J320VVRS2BRA2, OPSS28.85-17-6, unknown, unknown, unknown,23, write_cmd,0,738011897,2M,out,client
NMF26X.J320VVRS2BRA2, OPSS28.85-17-6, unknown, unknown, unknown,23, write_cmd,0,738441272,2M,out,client
NMF26X.J320VVRS2BRA2, OPSS28.85-17-6, unknown, unknown, unknown,23, write_cmd,0,779057682,2M,out,client
NMF26X.J320VVRS2BRA2, OPSS28.85-17-6, unknown, unknown, unknown,23, write_cmd,0,779764870,2M,out,client
NMF26X.J320VVRS2BRA2, OPSS28.85-17-6, unknown, unknown, unknown,23, write_cmd,0,780376901,2M,out,client
NMF26X.J320VVRS2BRA2, OPSS28.85-17-6, unknown, unknown, unknown,23, write_cmd,0,781045443,2M,out,client
NMF26X.J320VVRS2BRA2, OPSS28.85-17-6, unknown, unknown, unknown,23, write_cmd,0,781640078,2M,out,client
NMF26X.J320VVRS2BRA2, OPSS28.85-17-6, unknown, unknown, unknown,23, write_cmd,0,782232370,2M,out,client
NMF26X.J320VVRS2BRA2, OPSS28.85-17-6, unknown, unknown, unknown,23, write_cmd,0,782849766,2M,out,client
NMF26X.J320VVRS2BRA2, OPSS28.85-17-6, unknown, unknown, unknown,23, write_cmd,0,783453672,2M,out,client
NMF26X.J320VVRS2BRA2, OPSS28.85-17-6, unknown, unknown, unknown,23, write_cmd,0,784487058,2M,out,client
NMF26X.J320VVRS2BRA2, OPSS28.85-17-6, unknown, unknown, unknown,23, write_cmd,0,785276276,2M,out,client
NMF26X.J320VVRS2BRA2, OPSS28.85-17-6, unknown, unknown, unknown,23, write_cmd,0,786637475,2M,out,client
NMF26X.J320VVRS2BRA2, OPSS28.85-17-6, unknown, unknown, unknown,23, write_cmd,0,787796173,2M,out,client
NMF26X.J320VVRS2BRA2, OPSS28.85-17-6, unknown, unknown, unknown,23, write_cmd,0,788424662,2M,out,client
NMF26X.J320VVRS2BRA2, OPSS28.85-17-6, unknown, unknown, unknown,23, write_cmd,0,788986798,2M,out,client
NMF26X.J320VVRS2BRA2, OPSS28.85-17-6, unknown, unknown, unknown,23, write_cmd,0,789582006,2M,out,client
NMF26X.J320VVRS2BRA2, OPSS28.85-17-6, unknown, unknown, unknown,23, write_cmd,0,790142267,2M,out,client
NMF26X.J320VVRS2BRA2, OPSS28.85-17-6, unknown, unknown, unknown,23, write_cmd,0,829007010,2M,out,client
NMF26X.J320VVRS2BRA2, OPSS28.85-17-6, unknown, unknown, unknown,23, write_cmd,0,830100604,2M,out,client
NMF26X.J320VVRS2BRA2, OPSS28.85-17-6, unknown, unknown, unknown,23, write_cmd,0,830802843,2M,out,client
NMF26X.J320VVRS2BRA2, OPSS28.85-17-6, unknown, unknown, unknown,23, write_cmd,0,831496229,2M,out,client
NMF26X.J320VVRS2BRA2, OPSS28.85-17-6, unknown, unknown, unknown,23, write_cmd,0,832354979,2M,out,client
NMF26X.J320VVRS2BRA2, OPSS28.85-17-6, unknown, unknown, unknown,23, write_cmd,0,832949927,2M,out,client
NMF26X.J320VVRS2BRA2, OPSS28.85-17-6, unknown, unknown, unknown,23, write_cmd,0,833525552,2M,out,client
NMF26X.J320VVRS2BRA2, OPSS28.85-17-6, unknown, unknown, unknown,23, write_cmd,0,834221958,2M,out,client
NMF26X.J320VVRS2BRA2, OPSS28.85-17-6, unknown, unknown, unknown,23, write_cmd,0,835534354,2M,out,client
NMF26X.J320VVRS2BRA2, OPSS28.85-17-6, unknown, unknown, unknown,23, write_cmd,0,836833365,2M,out,client
NMF26X.J320VVRS2BRA2, OPSS28.85-17-6, unknown, unknown, unknown,23, write_cmd,0,838184563,2M,out,client
NMF26X.J320VVRS2BRA2, OPSS28.85-17-6, unknown, unknown, unknown,23, write_cmd,0,838794251,2M,out,client
NMF26X.J320VVRS2BRA2, OPSS28.85-17-6, unknown, unknown, unknown,23, write_cmd,0,839327844,2M,out,client
NMF26X.J320VVRS2BRA2, OPSS28.85-17-6, unknown, unknown, unknown,23, write_cmd,0,839858782,2M,out,client
NMF26X.J320VVRS2BRA2, OPSS28.85-17-6, unknown, unknown, unknown,23, write_cmd,0,840390657,2M,out,client
NMF26X.J320VVRS2BRA2, OPSS28.85-17-6, unknown, unknown, unknown,23, write_cmd,0,840985397,2M,out,client
NMF26X.J320VVRS2BRA2, OPSS28.85-17-6, unknown, unknown, unknown,23, write_cmd,0,876727067,2M,out,client
NMF26X.J320VVRS2BRA2, OPSS28.85-17-6, unknown, unknown, unknown,23, write_cmd,0,877525348,2M,out,client
NMF26X.J320VVRS2BRA2, OPSS28.85-17-6, unknown, unknown, unknown,23, write_cmd,0,878140036,2M,out,client
NMF26X.J320VVRS2BRA2, OPSS28.85-17-6, unknown, unknown, unknown,23, write_cmd,0,878736598,2M,out,client
NMF26X.J320VVRS2BRA2, OPSS28.85-17-6, unknown, unknown, unknown,23, write_cmd,0,879320817,2M,out,client
NMF26X.J320VVRS2BRA2, OPSS28.85-17-6, unknown, unknown, unknown,23, write_cmd,0,879898473,2M,out,client
NMF26X.J320VVRS2BRA2, OPSS28.85-17-6, unknown, unknown, unknown,23, write_cmd,0,880469671,2M,out,client
NMF26X.J320VVRS2BRA2, OPSS28.85-17-6, unknown, unknown, unknown,23, write_cmd,0,881599776,2M,out,client
NMF26X.J320VVRS2BRA2, OPSS28.85-17-6, unknown, unknown, unknown,23, write_cmd,0,882612015,2M,out,client
NMF26X.J320VVRS2BRA2, OPSS28.85-17-6, unknown, unknown, unknown,23, write_cmd,0,883200765,2M,out,client
NMF26X.J320VVRS2BRA2, OPSS28.85-17-6, unknown, unknown, unknown,23, write_cmd,0,883766599,2M,out,client
NMF26X.J320VVRS2BRA2, OPSS28.85-17-6, unknown, unknown, unknown,23, write_cmd,0,884442953,2M,out,client
NMF26X.J320VVRS2BRA2, OPSS28.85-17-6, unknown, unknown, unknown,23, write_cmd,0,885683161,2M,out,client
NMF26X.J320VVRS2BRA2, OPSS28.85-17-6, unknown, unknown, unknown,23, write_cmd,0,886362589,2M,out,client
NMF26X.J320VVRS2BRA2, OPSS28.85-17-6, unknown, unknown, unknown,23, write_cmd,0,886912589,2M,out,client
NMF26X.J320VVRS2BRA2, OPSS28.85-17-6, unknown, unknown, unknown,23, write_cmd,0,887625037,2M,out,client
NMF26X.J320VVRS2BRA2, OPSS28.85-17-6, unknown, unknown, unknown,23, write_cmd,0,925975249,2M,out,client
NMF26X.J320VVRS2BRA2, OPSS28.85-17-6, unknown, unknown, unknown,23, write_cmd,0,926667228,2M,out,client
NMF26X.J320VVRS2BRA2, OPSS28.85-17-6, unknown, unknown, unknown,23, write_cmd,0,928207749,2M,out,client
NMF26X.J320VVRS2BRA2, OPSS28.85-17-6, unknown, unknown, unknown,23, write_cmd,0,929451395,2M,out,client
NMF26X.J320VVRS2BRA2, OPSS28.85-17-6, unknown, unknown, unknown,23, write_cmd,0,930409208,2M,out,client
NMF26X.J320VVRS2BRA2, OPSS28.85-17-6, unknown, unknown, unknown,23, write_cmd,0,931578791,2M,out,client
NMF26X.J320VVRS2BRA2, OPSS28.85-17-6, unknown, unknown, unknown,23, write_cmd,0,932513687,2M,out,client
NMF26X.J320VVRS2BRA2, OPSS28.85-17-6, unknown, unknown, unknown,23, write_cmd,0,933349104,2M,out,client
NMF26X.J320VVRS2BRA2, OPSS28.85-17-6, unknown, unknown, unknown,23, write_cmd,0,934035979,2M,out,client
NMF26X.J320VVRS2BRA2, OPSS28.85-17-6, unknown, unknown, unknown,23, write_cmd,0,934591448,2M,out,client
NMF26X.J320VVRS2BRA2, OPSS28.85-17-6, unknown, unknown, unknown,23, write_cmd,0,935132489,2M,out,client
NMF26X.J320VVRS2BRA2, OPSS28.85-17-6, unknown, unknown, unknown,23, write_cmd,0,935667646,2M,out,client
NMF26X.J320VVRS2BRA2, OPSS28.85-17-6, unknown, unknown, unknown,23, write_cmd,0,936203583,2M,out,client
NMF26X.J320VVRS2BRA2, OPSS28.85-17-6, unknown, unknown, unknown,23, write_cmd,0,936738219,2M,out,client
NMF26X.J320VVRS2BRA2, OPSS28.85-17-6, unknown, unknown, unknown,23, write_cmd,0,937333010,2M,out,client
NMF26X.J320VVRS2BRA2, OPSS28.85-17-6, unknown, unknown, unknown,23, write_cmd,0,937888010,2M,out,client
NMF26X.J320VVRS2BRA2, OPSS28.85-17-6, unknown, unknown, unknown,23, write_cmd,0,974362285,2M,out,client
NMF26X.J320VVRS2BRA2, OPSS28.85-17-6, unknown, unknown, unknown,23, write_cmd,0,975125827,2M,out,client
NMF26X.J320VVRS2BRA2, OPSS28.85-17-6, unknown, unknown, unknown,23, write_cmd,0,975773431,2M,out,client
NMF26X.J320VVRS2BRA2, OPSS28.85-17-6, unknown, unknown, unknown,23, write_cmd,0,976774473,2M,out,client
NMF26X.J320VVRS2BRA2, OPSS28.85-17-6, unknown, unknown, unknown,23, write_cmd,0,978071244,2M,out,client
NMF26X.J320VVRS2BRA2, OPSS28.85-17-6, unknown, unknown, unknown,23, write_cmd,0,978882546,2M,out,client
NMF26X.J320VVRS2BRA2, OPSS28.85-17-6, unknown, unknown, unknown,23, write_cmd,0,979465515,2M,out,client
NMF26X.J320VVRS2BRA2, OPSS28.85-17-6, unknown, unknown, unknown,23, write_cmd,0,980039525,2M,out,client
NMF26X.J320VVRS2BRA2, OPSS28.85-17-6, unknown, unknown, unknown,23, write_cmd,0,980675150,2M,out,client
NMF26X.J320VVRS2BRA2, OPSS28.85-17-6, unknown, unknown, unknown,23, write_cmd,0,981258588,2M,out,client
NMF26X.J320VVRS2BRA2, OPSS28.85-17-6, unknown, unknown, unknown,23, write_cmd,0,981827390,2M,out,client
NMF26X.J320VVRS2BRA2, OPSS28.85-17-6, unknown, unknown, unknown,23, write_cmd,0,982392546,2M,out,client
NMF26X.J320VVRS2BRA2, OPSS28.85-17-6, unknown, unknown, unknown,23, write_cmd,0,982952338,2M,out,client
NMF26X.J320VVRS2BRA2, OPSS28.85-17-6, unknown, unknown, unknown,23, write_cmd,0,983495827,2M,out,client
NMF26X.J320VVRS2BRA2, OPSS28.85-17-6, unknown, unknown, unknown,23, write_cmd,0,984150984,2M,out,client
NMF26X.J320VVRS2BRA2, OPSS28.85-17-6, unknown, unknown, unknown,23, write_cmd,0,984709473,2M,out,client
NMF26X.J320VVRS2BRA2, OPSS28.85-17-6, unknown, unknown, unknown,23, write_cmd,0,1023152654,2M,out,client
NMF26X.J320VVRS2BRA2, OPSS28.85-17-6, unknown, unknown, unknown,23, write_cmd,0,1023821092,2M,out,client
NMF26X.J320VVRS2BRA2, OPSS28.85-17-6, unknown, unknown, unknown,23, write_cmd,0,1024569165,2M,out,client
NMF26X.J320VVRS2BRA2, OPSS28.85-17-6, unknown, unknown, unknown,23, write_cmd,0,1025176196,2M,out,client
NMF26X.J320VVRS2BRA2, OPSS28.85-17-6, unknown, unknown, unknown,23, write_cmd,0,1025757603,2M,out,client
NMF26X.J320VVRS2BRA2, OPSS28.85-17-6, unknown, unknown, unknown,23, write_cmd,0,1026339321,2M,out,client
NMF26X.J320VVRS2BRA2, OPSS28.85-17-6, unknown, unknown, unknown,23, write_cmd,0,1026906040,2M,out,client
NMF26X.J320VVRS2BRA2, OPSS28.85-17-6, unknown, unknown, unknown,23, write_cmd,0,1027636561,2M,out,client
NMF26X.J320VVRS2BRA2, OPSS28.85-17-6, unknown, unknown, unknown,23, write_cmd,0,1028213332,2M,out,client
NMF26X.J320VVRS2BRA2, OPSS28.85-17-6, unknown, unknown, unknown,23, write_cmd,0,1028760103,2M,out,client
NMF26X.J320VVRS2BRA2, OPSS28.85-17-6, unknown, unknown, unknown,23, write_cmd,0,1120740529,2M,out,client
NMF26X.J320VVRS2BRA2, OPSS28.85-17-6, unknown, unknown, unknown,23, write_cmd,0,1121491675,2M,out,client
NMF26X.J320VVRS2BRA2, OPSS28.85-17-6, unknown, unknown, unknown,23, write_cmd,0,1122084956,2M,out,client
NMF26X.J320VVRS2BRA2, OPSS28.85-17-6, unknown, unknown, unknown,23, write_cmd,0,1122644748,2M,out,client
NMF26X.J320VVRS2BRA2, OPSS28.85-17-6, unknown, unknown, unknown,23, write_cmd,0,1169364127,2M,out,client
NMF26X.J320VVRS2BRA2, OPSS28.85-17-6, unknown, unknown, unknown,23, write_cmd,0,1170060534,2M,out,client
NMF26X.J320VVRS2BRA2, OPSS28.85-17-6, unknown, unknown, unknown,23, write_cmd,0,1170734336,2M,out,client
NMF26X.J320VVRS2BRA2, OPSS28.85-17-6, unknown, unknown, unknown,23, write_cmd,0,1171302825,2M,out,client
NMF26X.J320VVRS2BRA2, OPSS28.85-17-6, unknown, unknown, unknown,23, write_cmd,0,1171848138,2M,out,client
NMF26X.J320VVRS2BRA2, OPSS28.85-17-6, unknown, unknown, unknown,23, write_cmd,0,1172392096,2M,out,client
NMF26X.J320VVRS2BRA2, OPSS28.85-17-6, unknown, unknown, unknown,23, write_cmd,0,1218133872,2M,out,client
NMF26X.J320VVRS2BRA2, OPSS28.85-17-6, unknown, unknown, unknown,23, write_cmd,0,1218797674,2M,out,client
NMF26X.J320VVRS2BRA2, OPSS28.85-17-6, unknown, unknown, unknown,23, write_cmd,0,1219391788,2M,out,client
NMF26X.J320VVRS2BRA2, OPSS28.85-17-6, unknown, unknown, unknown,23, write_cmd,0,1219963507,2M,out,client
NMF26X.J320VVRS2BRA2, OPSS28.85-17-6, unknown, unknown, unknown,23, write_cmd,0,1220608351,2M,out,client
NMF26X.J320VVRS2BRA2, OPSS28.85-17-6, unknown, unknown, unknown,23, write_cmd,0,1221195382,2M,out,client
NMF26X.J320VVRS2BRA2, OPSS28.85-17-6, unknown, unknown, unknown,23, write_cmd,0,1221770278,2M,out,client
NMF26X.J320VVRS2BRA2, OPSS28.85-17-6, unknown, unknown, unknown,23, write_cmd,0,1222334341,2M,out,client
NMF26X.J320VVRS2BRA2, OPSS28.85-17-6, unknown, unknown, unknown,23, write_cmd,0,1222912674,2M,out,client
NMF26X.J320VVRS2BRA2, OPSS28.85-17-6, unknown, unknown, unknown,23, write_cmd,0,1223482674,2M,out,client
NMF26X.J320VVRS2BRA2, OPSS28.85-17-6, unknown, unknown, unknown,23, write_cmd,0,1224107310,2M,out,client
NMF26X.J320VVRS2BRA2, OPSS28.85-17-6, unknown, unknown, unknown,23, write_cmd,0,1224680226,2M,out,client
NMF26X.J320VVRS2BRA2, OPSS28.85-17-6, unknown, unknown, unknown,23, write_cmd,0,1225866268,2M,out,client
NMF26X.J320VVRS2BRA2, OPSS28.85-17-6, unknown, unknown, unknown,23, write_cmd,0,1226476060,2M,out,client
NMF26X.J320VVRS2BRA2, OPSS28.85-17-6, unknown, unknown, unknown,23, write_cmd,0,1227038977,2M,out,client
NMF26X.J320VVRS2BRA2, OPSS28.85-17-6, unknown, unknown, unknown,23, write_cmd,0,1229534081,2M,out,client
NMF26X.J320VVRS2BRA2, OPSS28.85-17-6, unknown, unknown, unknown,23, write_cmd,0,1266863564,2M,out,client
NMF26X.J320VVRS2BRA2, OPSS28.85-17-6, unknown, unknown, unknown,23, write_cmd,0,1267729554,2M,out,client
NMF26X.J320VVRS2BRA2, OPSS28.85-17-6, unknown, unknown, unknown,23, write_cmd,0,1315734194,2M,out,client
NMF26X.J320VVRS2BRA2, OPSS28.85-17-6, unknown, unknown, unknown,23, write_cmd,0,1316391538,2M,out,client
NMF26X.J320VVRS2BRA2, OPSS28.85-17-6, unknown, unknown, unknown,23, write_cmd,0,1318041694,2M,out,client
NMF26X.J320VVRS2BRA2, OPSS28.85-17-6, unknown, unknown, unknown,23, write_cmd,0,1318684507,2M,out,client
NMF26X.J320VVRS2BRA2, OPSS28.85-17-6, unknown, unknown, unknown,23, write_cmd,0,1319388465,2M,out,client
NMF26X.J320VVRS2BRA2, OPSS28.85-17-6, unknown, unknown, unknown,23, write_cmd,0,1320224559,2M,out,client
NMF26X.J320VVRS2BRA2, OPSS28.85-17-6, unknown, unknown, unknown,23, write_cmd,0,1321433101,2M,out,client
NMF26X.J320VVRS2BRA2, OPSS28.85-17-6, unknown, unknown, unknown,23, write_cmd,0,1322278570,2M,out,client
NMF26X.J320VVRS2BRA2, OPSS28.85-17-6, unknown, unknown, unknown,23, write_cmd,0,1323432215,2M,out,client
NMF26X.J320VVRS2BRA2, OPSS28.85-17-6, unknown, unknown, unknown,23, write_cmd,0,1324273413,2M,out,client
NMF26X.J320VVRS2BRA2, OPSS28.85-17-6, unknown, unknown, unknown,23, write_cmd,0,1325168101,2M,out,client
NMF26X.J320VVRS2BRA2, OPSS28.85-17-6, unknown, unknown, unknown,23, write_cmd,0,1325809924,2M,out,client
NMF26X.J320VVRS2BRA2, OPSS28.85-17-6, unknown, unknown, unknown,23, write_cmd,0,1326378153,2M,out,client
NMF26X.J320VVRS2BRA2, OPSS28.85-17-6, unknown, unknown, unknown,23, write_cmd,0,1327753466,2M,out,client
NMF26X.J320VVRS2BRA2, OPSS28.85-17-6, unknown, unknown, unknown,23, write_cmd,0,1328307893,2M,out,client
NMF26X.J320VVRS2BRA2, OPSS28.85-17-6, unknown, unknown, unknown,23, write_cmd,0,1328834195,2M,out,client
NMF26X.J320VVRS2BRA2, OPSS28.85-17-6, unknown, unknown, unknown,23, write_cmd,0,1365182376,2M,out,client
NMF26X.J320VVRS2BRA2, OPSS28.85-17-6, unknown, unknown, unknown,23, write_cmd,0,1366699251,2M,out,client
NMF26X.J320VVRS2BRA2, OPSS28.85-17-6, unknown, unknown, unknown,23, write_cmd,0,1368592220,2M,out,client
NMF26X.J320VVRS2BRA2, OPSS28.85-17-6, unknown, unknown, unknown,23, write_cmd,0,1371396074,2M,out,client
NMF26X.J320VVRS2BRA2, OPSS28.85-17-6, unknown, unknown, unknown,23, write_cmd,0,1372112429,2M,out,client
NMF26X.J320VVRS2BRA2, OPSS28.85-17-6, unknown, unknown, unknown,23, write_cmd,0,1372843679,2M,out,client
NMF26X.J320VVRS2BRA2, OPSS28.85-17-6, unknown, unknown, unknown,23, write_cmd,0,1373394095,2M,out,client
NMF26X.J320VVRS2BRA2, OPSS28.85-17-6, unknown, unknown, unknown,23, write_cmd,0,1374126023,2M,out,client
NMF26X.J320VVRS2BRA2, OPSS28.85-17-6, unknown, unknown, unknown,23, write_cmd,0,1374849616,2M,out,client
NMF26X.J320VVRS2BRA2, OPSS28.85-17-6, unknown, unknown, unknown,23, write_cmd,0,1375382794,2M,out,client
NMF26X.J320VVRS2BRA2, OPSS28.85-17-6, unknown, unknown, unknown,23, write_cmd,0,1375911856,2M,out,client
NMF26X.J320VVRS2BRA2, OPSS28.85-17-6, unknown, unknown, unknown,23, write_cmd,0,1376435502,2M,out,client
NMF26X.J320VVRS2BRA2, OPSS28.85-17-6, unknown, unknown, unknown,23, write_cmd,0,1413665818,2M,out,client
NMF26X.J320VVRS2BRA2, OPSS28.85-17-6, unknown, unknown, unknown,23, write_cmd,0,1416496860,2M,out,client
NMF26X.J320VVRS2BRA2, OPSS28.85-17-6, unknown, unknown, unknown,23, write_cmd,0,1417549048,2M,out,client
NMF26X.J320VVRS2BRA2, OPSS28.85-17-6, unknown, unknown, unknown,23, write_cmd,0,1418255662,2M,out,client
NMF26X.J320VVRS2BRA2, OPSS28.85-17-6, unknown, unknown, unknown,23, write_cmd,0,1418823058,2M,out,client
NMF26X.J320VVRS2BRA2, OPSS28.85-17-6, unknown, unknown, unknown,23, write_cmd,0,1419587590,2M,out,client
NMF26X.J320VVRS2BRA2, OPSS28.85-17-6, unknown, unknown, unknown,23, write_cmd,0,1420257538,2M,out,client
NMF26X.J320VVRS2BRA2, OPSS28.85-17-6, unknown, unknown, unknown,23, write_cmd,0,1420888944,2M,out,client
NMF26X.J320VVRS2BRA2, OPSS28.85-17-6, unknown, unknown, unknown,23, write_cmd,0,1421444204,2M,out,client
NMF26X.J320VVRS2BRA2, OPSS28.85-17-6, unknown, unknown, unknown,23, write_cmd,0,1425579621,2M,out,client
NMF26X.J320VVRS2BRA2, OPSS28.85-17-6, unknown, unknown, unknown,23, write_cmd,0,1426320038,2M,out,client
NMF26X.J320VVRS2BRA2, OPSS28.85-17-6, unknown, unknown, unknown,23, write_cmd,0,1426913632,2M,out,client
NMF26X.J320VVRS2BRA2, OPSS28.85-17-6, unknown, unknown, unknown,23, write_cmd,0,1427591861,2M,out,client
NMF26X.J320VVRS2BRA2, OPSS28.85-17-6, unknown, unknown, unknown,23, write_cmd,0,1428156913,2M,out,client
NMF26X.J320VVRS2BRA2, OPSS28.85-17-6, unknown, unknown, unknown,23, write_cmd,0,1428801705,2M,out,client
NMF26X.J320VVRS2BRA2, OPSS28.85-17-6, unknown, unknown, unknown,23, write_cmd,0,1429080716,2M,out,client
NMF26X.J320VVRS2BRA2, OPSS28.85-17-6, unknown, unknown, unknown,23, write_cmd,0,1511172859,2M,out,client
NMF26X.J320VVRS2BRA2, OPSS28.85-17-6, unknown, unknown, unknown,23, write_cmd,0,1512202963,2M,out,client
NMF26X.J320VVRS2BRA2, OPSS28.85-17-6, unknown, unknown, unknown,23, write_cmd,0,1512832703,2M,out,client
NMF26X.J320VVRS2BRA2, OPSS28.85-17-6, unknown, unknown, unknown,23, write_cmd,0,1513421974,2M,out,client
NMF26X.J320VVRS2BRA2, OPSS28.85-17-6, unknown, unknown, unknown,23, write_cmd,0,1514416349,2M,out,client
NMF26X.J320VVRS2BRA2, OPSS28.85-17-6, unknown, unknown, unknown,23, write_cmd,0,1514999839,2M,out,client
NMF26X.J320VVRS2BRA2, OPSS28.85-17-6, unknown, unknown, unknown,23, write_cmd,0,1515561766,2M,out,client
NMF26X.J320VVRS2BRA2, OPSS28.85-17-6, unknown, unknown, unknown,23, write_cmd,0,1516117131,2M,out,client
NMF26X.J320VVRS2BRA2, OPSS28.85-17-6, unknown, unknown, unknown,23, write_cmd,0,1516686870,2M,out,client
NMF26X.J320VVRS2BRA2, OPSS28.85-17-6, unknown, unknown, unknown,23, write_cmd,0,1517312287,2M,out,client
NMF26X.J320VVRS2BRA2, OPSS28.85-17-6, unknown, unknown, unknown,23, write_cmd,0,1517893693,2M,out,client
NMF26X.J320VVRS2BRA2, OPSS28.85-17-6, unknown, unknown, unknown,23, write_cmd,0,1518459474,2M,out,client
NMF26X.J320VVRS2BRA2, OPSS28.85-17-6, unknown, unknown, unknown,23, write_cmd,0,1519003745,2M,out,client
NMF26X.J320VVRS2BRA2, OPSS28.85-17-6, unknown, unknown, unknown,23, write_cmd,0,1519534162,2M,out,client
NMF26X.J320VVRS2BRA2, OPSS28.85-17-6, unknown, unknown, unknown,23, write_cmd,0,1520062808,2M,out,client
NMF26X.J320VVRS2BRA2, OPSS28.85-17-6, unknown, unknown, unknown,23, write_cmd,0,1520679266,2M,out,client
NMF26X.J320VVRS2BRA2, OPSS28.85-17-6, unknown, unknown, unknown,23, write_cmd,0,1559464635,2M,out,client
NMF26X.J320VVRS2BRA2, OPSS28.85-17-6, unknown, unknown, unknown,23, write_cmd,0,1560085937,2M,out,client
NMF26X.J320VVRS2BRA2, OPSS28.85-17-6, unknown, unknown, unknown,23, write_cmd,0,1609863077,2M,out,client
NMF26X.J320VVRS2BRA2, OPSS28.85-17-6, unknown, unknown, unknown,23, write_cmd,0,1610720369,2M,out,client
NMF26X.J320VVRS2BRA2, OPSS28.85-17-6, unknown, unknown, unknown,23, write_cmd,0,1611773442,2M,out,client
NMF26X.J320VVRS2BRA2, OPSS28.85-17-6, unknown, unknown, unknown,23, write_cmd,0,1612376828,2M,out,client
NMF26X.J320VVRS2BRA2, OPSS28.85-17-6, unknown, unknown, unknown,23, write_cmd,0,1612952869,2M,out,client
NMF26X.J320VVRS2BRA2, OPSS28.85-17-6, unknown, unknown, unknown,23, write_cmd,0,1613511411,2M,out,client
NMF26X.J320VVRS2BRA2, OPSS28.85-17-6, unknown, unknown, unknown,23, write_cmd,0,1614227349,2M,out,client
NMF26X.J320VVRS2BRA2, OPSS28.85-17-6, unknown, unknown, unknown,23, write_cmd,0,1614801463,2M,out,client
NMF26X.J320VVRS2BRA2, OPSS28.85-17-6, unknown, unknown, unknown,23, write_cmd,0,1615352609,2M,out,client
NMF26X.J320VVRS2BRA2, OPSS28.85-17-6, unknown, unknown, unknown,23, write_cmd,0,1615901568,2M,out,client
NMF26X.J320VVRS2BRA2, OPSS28.85-17-6, unknown, unknown, unknown,23, write_cmd,0,1616452401,2M,out,client
NMF26X.J320VVRS2BRA2, OPSS28.85-17-6, unknown, unknown, unknown,23, write_cmd,0,1617017297,2M,out,client
NMF26X.J320VVRS2BRA2, OPSS28.85-17-6, unknown, unknown, unknown,23, write_cmd,0,1617630109,2M,out,client
NMF26X.J320VVRS2BRA2, OPSS28.85-17-6, unknown, unknown, unknown,23, write_cmd,0,1618839901,2M,out,client
NMF26X.J320VVRS2BRA2, OPSS28.85-17-6, unknown, unknown, unknown,23, write_cmd,0,1619380474,2M,out,client
NMF26X.J320VVRS2BRA2, OPSS28.85-17-6, unknown, unknown, unknown,23, write_cmd,0,1656613915,2M,out,client
NMF26X.J320VVRS2BRA2, OPSS28.85-17-6, unknown, unknown, unknown,23, write_cmd,0,1657314853,2M,out,client
NMF26X.J320VVRS2BRA2, OPSS28.85-17-6, unknown, unknown, unknown,23, write_cmd,0,1657880061,2M,out,client
NMF26X.J320VVRS2BRA2, OPSS28.85-17-6, unknown, unknown, unknown,23, write_cmd,0,1658431311,2M,out,client
NMF26X.J320VVRS2BRA2, OPSS28.85-17-6, unknown, unknown, unknown,23, write_cmd,0,1658982249,2M,out,client
NMF26X.J320VVRS2BRA2, OPSS28.85-17-6, unknown, unknown, unknown,23, write_cmd,0,1659542197,2M,out,client
NMF26X.J320VVRS2BRA2, OPSS28.85-17-6, unknown, unknown, unknown,23, write_cmd,0,1660081155,2M,out,client
NMF26X.J320VVRS2BRA2, OPSS28.85-17-6, unknown, unknown, unknown,23, write_cmd,0,1660880999,2M,out,client
NMF26X.J320VVRS2BRA2, OPSS28.85-17-6, unknown, unknown, unknown,23, write_cmd,0,1661433343,2M,out,client
NMF26X.J320VVRS2BRA2, OPSS28.85-17-6, unknown, unknown, unknown,23, write_cmd,0,1661983239,2M,out,client
NMF26X.J320VVRS2BRA2, OPSS28.85-17-6, unknown, unknown, unknown,23, write_cmd,0,1662530791,2M,out,client
NMF26X.J320VVRS2BRA2, OPSS28.85-17-6, unknown, unknown, unknown,23, write_cmd,0,1663077822,2M,out,client
NMF26X.J320VVRS2BRA2, OPSS28.85-17-6, unknown, unknown, unknown,23, write_cmd,0,1664179437,2M,out,client
NMF26X.J320VVRS2BRA2, OPSS28.85-17-6, unknown, unknown, unknown,23, write_cmd,0,1664779489,2M,out,client
NMF26X.J320VVRS2BRA2, OPSS28.85-17-6, unknown, unknown, unknown,23, write_cmd,0,1665433760,2M,out,client
NMF26X.J320VVRS2BRA2, OPSS28.85-17-6, unknown, unknown, unknown,23, write_cmd,0,1666250218,2M,out,client
NMF26X.J320VVRS2BRA2, OPSS28.85-17-6, unknown, unknown, unknown,23, write_cmd,0,1707930223,2M,out,client
NMF26X.J320VVRS2BRA2, OPSS28.85-17-6, unknown, unknown, unknown,23, write_cmd,0,1708703921,2M,out,client
NMF26X.J320VVRS2BRA2, OPSS28.85-17-6, unknown, unknown, unknown,23, write_cmd,0,1709299858,2M,out,client
NMF26X.J320VVRS2BRA2, OPSS28.85-17-6, unknown, unknown, unknown,23, write_cmd,0,1709821733,2M,out,client
NMF26X.J320VVRS2BRA2, OPSS28.85-17-6, unknown, unknown, unknown,23, write_cmd,0,1710321889,2M,out,client
NMF26X.J320VVRS2BRA2, OPSS28.85-17-6, unknown, unknown, unknown,23, write_cmd,0,1710898452,2M,out,client
NMF26X.J320VVRS2BRA2, OPSS28.85-17-6, unknown, unknown, unknown,23, write_cmd,0,1711397567,2M,out,client
NMF26X.J320VVRS2BRA2, OPSS28.85-17-6, unknown, unknown, unknown,23, write_cmd,0,1711897358,2M,out,client
NMF26X.J320VVRS2BRA2, OPSS28.85-17-6, unknown, unknown, unknown,23, write_cmd,0,1712417046,2M,out,client
NMF26X.J320VVRS2BRA2, OPSS28.85-17-6, unknown, unknown, unknown,23, write_cmd,0,1754611946,2M,out,client
NMF26X.J320VVRS2BRA2, OPSS28.85-17-6, unknown, unknown, unknown,23, write_cmd,0,1755244081,2M,out,client
NMF26X.J320VVRS2BRA2, OPSS28.85-17-6, unknown, unknown, unknown,23, write_cmd,0,1755801477,2M,out,client
NMF26X.J320VVRS2BRA2, OPSS28.85-17-6, unknown, unknown, unknown,23, write_cmd,0,1756328144,2M,out,client
NMF26X.J320VVRS2BRA2, OPSS28.85-17-6, unknown, unknown, unknown,23, write_cmd,0,1756894082,2M,out,client
NMF26X.J320VVRS2BRA2, OPSS28.85-17-6, unknown, unknown, unknown,23, write_cmd,0,1757489707,2M,out,client
NMF26X.J320VVRS2BRA2, OPSS28.85-17-6, unknown, unknown, unknown,23, write_cmd,0,1758041738,2M,out,client
NMF26X.J320VVRS2BRA2, OPSS28.85-17-6, unknown, unknown, unknown,23, write_cmd,0,1758572415,2M,out,client
NMF26X.J320VVRS2BRA2, OPSS28.85-17-6, unknown, unknown, unknown,23, write_cmd,0,1759102571,2M,out,client
NMF26X.J320VVRS2BRA2, OPSS28.85-17-6, unknown, unknown, unknown,23, write_cmd,0,1759608926,2M,out,client
NMF26X.J320VVRS2BRA2, OPSS28.85-17-6, unknown, unknown, unknown,23, write_cmd,0,1760107988,2M,out,client
NMF26X.J320VVRS2BRA2, OPSS28.85-17-6, unknown, unknown, unknown,23, write_cmd,0,1803512784,2M,out,client
NMF26X.J320VVRS2BRA2, OPSS28.85-17-6, unknown, unknown, unknown,23, write_cmd,0,1804231482,2M,out,client
NMF26X.J320VVRS2BRA2, OPSS28.85-17-6, unknown, unknown, unknown,23, write_cmd,0,1804777941,2M,out,client
NMF26X.J320VVRS2BRA2, OPSS28.85-17-6, unknown, unknown, unknown,23, write_cmd,0,1805350284,2M,out,client
NMF26X.J320VVRS2BRA2, OPSS28.85-17-6, unknown, unknown, unknown,23, write_cmd,0,1805881170,2M,out,client
NMF26X.J320VVRS2BRA2, OPSS28.85-17-6, unknown, unknown, unknown,23, write_cmd,0,1806412420,2M,out,client
NMF26X.J320VVRS2BRA2, OPSS28.85-17-6, unknown, unknown, unknown,23, write_cmd,0,1806949243,2M,out,client
NMF26X.J320VVRS2BRA2, OPSS28.85-17-6, unknown, unknown, unknown,23, write_cmd,0,1807574816,2M,out,client
NMF26X.J320VVRS2BRA2, OPSS28.85-17-6, unknown, unknown, unknown,23, write_cmd,0,1808532108,2M,out,client
NMF26X.J320VVRS2BRA2, OPSS28.85-17-6, unknown, unknown, unknown,23, write_cmd,0,1809103306,2M,out,client
NMF26X.J320VVRS2BRA2, OPSS28.85-17-6, unknown, unknown, unknown,23, write_cmd,0,1809650441,2M,out,client
NMF26X.J320VVRS2BRA2, OPSS28.85-17-6, unknown, unknown, unknown,23, write_cmd,0,1810222004,2M,out,client
NMF26X.J320VVRS2BRA2, OPSS28.85-17-6, unknown, unknown, unknown,23, write_cmd,0,1810807264,2M,out,client
NMF26X.J320VVRS2BRA2, OPSS28.85-17-6, unknown, unknown, unknown,23, write_cmd,0,1852194768,2M,out,client
NMF26X.J320VVRS2BRA2, OPSS28.85-17-6, unknown, unknown, unknown,23, write_cmd,0,1900819200,2M,out,client
NMF26X.J320VVRS2BRA2, OPSS28.85-17-6, unknown, unknown, unknown,23, write_cmd,0,1901471283,2M,out,client
NMF26X.J320VVRS2BRA2, OPSS28.85-17-6, unknown, unknown, unknown,23, write_cmd,0,1902035034,2M,out,client
NMF26X.J320VVRS2BRA2, OPSS28.85-17-6, unknown, unknown, unknown,23, write_cmd,0,1902570138,2M,out,client
NMF26X.J320VVRS2BRA2, OPSS28.85-17-6, unknown, unknown, unknown,23, write_cmd,0,1903084721,2M,out,client
NMF26X.J320VVRS2BRA2, OPSS28.85-17-6, unknown, unknown, unknown,23, write_cmd,0,1903608575,2M,out,client
NMF26X.J320VVRS2BRA2, OPSS28.85-17-6, unknown, unknown, unknown,23, write_cmd,0,1904333836,2M,out,client
NMF26X.J320VVRS2BRA2, OPSS28.85-17-6, unknown, unknown, unknown,23, write_cmd,0,1904996961,2M,out,client
NMF26X.J320VVRS2BRA2, OPSS28.85-17-6, unknown, unknown, unknown,23, write_cmd,0,1905760242,2M,out,client
NMF26X.J320VVRS2BRA2, OPSS28.85-17-6, unknown, unknown, unknown,23, write_cmd,0,1907156024,2M,out,client
NMF26X.J320VVRS2BRA2, OPSS28.85-17-6, unknown, unknown, unknown,23, write_cmd,0,1908200607,2M,out,client
NMF26X.J320VVRS2BRA2, OPSS28.85-17-6, unknown, unknown, unknown,23, write_cmd,0,1908778107,2M,out,client
NMF26X.J320VVRS2BRA2, OPSS28.85-17-6, unknown, unknown, unknown,23, write_cmd,0,1909290503,2M,out,client
NMF26X.J320VVRS2BRA2, OPSS28.85-17-6, unknown, unknown, unknown,23, write_cmd,0,1909795086,2M,out,client
NMF26X.J320VVRS2BRA2, OPSS28.85-17-6, unknown, unknown, unknown,23, write_cmd,0,1910328003,2M,out,client
NMF26X.J320VVRS2BRA2, OPSS28.85-17-6, unknown, unknown, unknown,23, write_cmd,0,1912430712,2M,out,client
NMF26X.J320VVRS2BRA2, OPSS28.85-17-6, unknown, unknown, unknown,23, write_cmd,0,1949204882,2M,out,client
NMF26X.J320VVRS2BRA2, OPSS28.85-17-6, unknown, unknown, unknown,23, write_cmd,0,1949823684,2M,out,client
NMF26X.J320VVRS2BRA2, OPSS28.85-17-6, unknown, unknown, unknown,23, write_cmd,0,1950339726,2M,out,client
NMF26X.J320VVRS2BRA2, OPSS28.85-17-6, unknown, unknown, unknown,23, write_cmd,0,1951190924,2M,out,client
NMF26X.J320VVRS2BRA2, OPSS28.85-17-6, unknown, unknown, unknown,23, write_cmd,0,1952877643,2M,out,client
NMF26X.J320VVRS2BRA2, OPSS28.85-17-6, unknown, unknown, unknown,23, write_cmd,0,1953411341,2M,out,client
NMF26X.J320VVRS2BRA2, OPSS28.85-17-6, unknown, unknown, unknown,23, write_cmd,0,1998348064,2M,out,client
NMF26X.J320VVRS2BRA2, OPSS28.85-17-6, unknown, unknown, unknown,23, write_cmd,0,1999168064,2M,out,client
NMF26X.J320VVRS2BRA2, OPSS28.85-17-6, unknown, unknown, unknown,23, write_cmd,0,1999709262,2M,out,client
NMF26X.J320VVRS2BRA2, OPSS28.85-17-6, unknown, unknown, unknown,23, write_cmd,0,2000224106,2M,out,client
NMF26X.J320VVRS2BRA2, OPSS28.85-17-6, unknown, unknown, unknown,23, write_cmd,0,2000824158,2M,out,client
NMF26X.J320VVRS2BRA2, OPSS28.85-17-6, unknown, unknown, unknown,23, write_cmd,0,2047631350,2M,out,client
NMF26X.J320VVRS2BRA2, OPSS28.85-17-6, unknown, unknown, unknown,23, write_cmd,0,2048581090,2M,out,client
NMF26X.J320VVRS2BRA2, OPSS28.85-17-6, unknown, unknown, unknown,23, write_cmd,0,2049620934,2M,out,client
NMF26X.J320VVRS2BRA2, OPSS28.85-17-6, unknown, unknown, unknown,23, write_cmd,0,2050607965,2M,out,client
NMF26X.J320VVRS2BRA2, OPSS28.85-17-6, unknown, unknown, unknown,23, write_cmd,0,2051516246,2M,out,client
NMF26X.J320VVRS2BRA2, OPSS28.85-17-6, unknown, unknown, unknown,23, write_cmd,0,2052375465,2M,out,client
NMF26X.J320VVRS2BRA2, OPSS28.85-17-6, unknown, unknown, unknown,23, write_cmd,0,2053333174,2M,out,client
NMF26X.J320VVRS2BRA2, OPSS28.85-17-6, unknown, unknown, unknown,23, write_cmd,0,2054239424,2M,out,client
NMF26X.J320VVRS2BRA2, OPSS28.85-17-6, unknown, unknown, unknown,23, write_cmd,0,2054907236,2M,out,client
NMF26X.J320VVRS2BRA2, OPSS28.85-17-6, unknown, unknown, unknown,23, write_cmd,0,2055449059,2M,out,client
NMF26X.J320VVRS2BRA2, OPSS28.85-17-6, unknown, unknown, unknown,23, write_cmd,0,2055957601,2M,out,client
NMF26X.J320VVRS2BRA2, OPSS28.85-17-6, unknown, unknown, unknown,23, write_cmd,0,2056458486,2M,out,client
NMF26X.J320VVRS2BRA2, OPSS28.85-17-6, unknown, unknown, unknown,23, write_cmd,0,2056961872,2M,out,client
NMF26X.J320VVRS2BRA2, OPSS28.85-17-6, unknown, unknown, unknown,23, write_cmd,0,2057547080,2M,out,client
NMF26X.J320VVRS2BRA2, OPSS28.85-17-6, unknown, unknown, unknown,23, write_cmd,0,2058049997,2M,out,client
NMF26X.J320VVRS2BRA2, OPSS28.85-17-6, unknown, unknown, unknown,23, write_cmd,0,2144550058,2M,out,client
NMF26X.J320VVRS2BRA2, OPSS28.85-17-6, unknown, unknown, unknown,23, write_cmd,0,2145178287,2M,out,client
NMF26X.J320VVRS2BRA2, OPSS28.85-17-6, unknown, unknown, unknown,23, write_cmd,0,2193425479,2M,out,client
NMF26X.J320VVRS2BRA2, OPSS28.85-17-6, unknown, unknown, unknown,23, write_cmd,0,2194177511,2M,out,client
NMF26X.J320VVRS2BRA2, OPSS28.85-17-6, unknown, unknown, unknown,23, write_cmd,0,2198519907,2M,out,client
NMF26X.J320VVRS2BRA2, OPSS28.85-17-6, unknown, unknown, unknown,23, write_cmd,0,2242820067,2M,out,client
NMF26X.J320VVRS2BRA2, OPSS28.85-17-6, unknown, unknown, unknown,23, write_cmd,0,2243468036,2M,out,client
NMF26X.J320VVRS2BRA2, OPSS28.85-17-6, unknown, unknown, unknown,23, write_cmd,0,2244106943,2M,out,client
NMF26X.J320VVRS2BRA2, OPSS28.85-17-6, unknown, unknown, unknown,23, write_cmd,0,2245030068,2M,out,client
NMF26X.J320VVRS2BRA2, OPSS28.85-17-6, unknown, unknown, unknown,23, write_cmd,0,2245633245,2M,out,client
NMF26X.J320VVRS2BRA2, OPSS28.85-17-6, unknown, unknown, unknown,23, write_cmd,0,2246839339,2M,out,client
NMF26X.J320VVRS2BRA2, OPSS28.85-17-6, unknown, unknown, unknown,23, write_cmd,0,2247510433,2M,out,client
NMF26X.J320VVRS2BRA2, OPSS28.85-17-6, unknown, unknown, unknown,23, write_cmd,0,2248059860,2M,out,client
NMF26X.J320VVRS2BRA2, OPSS28.85-17-6, unknown, unknown, unknown,23, write_cmd,0,2248601474,2M,out,client
NMF26X.J320VVRS2BRA2, OPSS28.85-17-6, unknown, unknown, unknown,23, write_cmd,0,2249114026,2M,out,client
NMF26X.J320VVRS2BRA2, OPSS28.85-17-6, unknown, unknown, unknown,23, write_cmd,0,2249629287,2M,out,client
NMF26X.J320VVRS2BRA2, OPSS28.85-17-6, unknown, unknown, unknown,23, write_cmd,0,2250128245,2M,out,client
NMF26X.J320VVRS2BRA2, OPSS28.85-17-6, unknown, unknown, unknown,23, write_cmd,0,2290749551,2M,out,client
NMF26X.J320VVRS2BRA2, OPSS28.85-17-6, unknown, unknown, unknown,23, write_cmd,0,2291374239,2M,out,client
NMF26X.J320VVRS2BRA2, OPSS28.85-17-6, unknown, unknown, unknown,23, write_cmd,0,2291884447,2M,out,client
NMF26X.J320VVRS2BRA2, OPSS28.85-17-6, unknown, unknown, unknown,23, write_cmd,0,2340246067,2M,out,client
NMF26X.J320VVRS2BRA2, OPSS28.85-17-6, unknown, unknown, unknown,23, write_cmd,0,2340962838,2M,out,client
NMF26X.J320VVRS2BRA2, OPSS28.85-17-6, unknown, unknown, unknown,23, write_cmd,0,2341501536,2M,out,client
NMF26X.J320VVRS2BRA2, OPSS28.85-17-6, unknown, unknown, unknown,23, write_cmd,0,2342029869,2M,out,client
NMF26X.J320VVRS2BRA2, OPSS28.85-17-6, unknown, unknown, unknown,23, write_cmd,0,2342548359,2M,out,client
NMF26X.J320VVRS2BRA2, OPSS28.85-17-6, unknown, unknown, unknown,23, write_cmd,0,2343072213,2M,out,client
NMF26X.J320VVRS2BRA2, OPSS28.85-17-6, unknown, unknown, unknown,23, write_cmd,0,2343583463,2M,out,client
NMF26X.J320VVRS2BRA2, OPSS28.85-17-6, unknown, unknown, unknown,23, write_cmd,0,2344176119,2M,out,client
NMF26X.J320VVRS2BRA2, OPSS28.85-17-6, unknown, unknown, unknown,23, write_cmd,0,2344883723,2M,out,client
NMF26X.J320VVRS2BRA2, OPSS28.85-17-6, unknown, unknown, unknown,23, write_cmd,0,2345430182,2M,out,client
NMF26X.J320VVRS2BRA2, OPSS28.85-17-6, unknown, unknown, unknown,23, write_cmd,0,2345996588,2M,out,client
NMF26X.J320VVRS2BRA2, OPSS28.85-17-6, unknown, unknown, unknown,23, write_cmd,0,2347569870,2M,out,client
NMF26X.J320VVRS2BRA2, OPSS28.85-17-6, unknown, unknown, unknown,23, write_cmd,0,2348286328,2M,out,client
NMF26X.J320VVRS2BRA2, OPSS28.85-17-6, unknown, unknown, unknown,23, write_cmd,0,2348819088,2M,out,client
NMF26X.J320VVRS2BRA2, OPSS28.85-17-6, unknown, unknown, unknown,23, write_cmd,0,2349322786,2M,out,client
NMF26X.J320VVRS2BRA2, OPSS28.85-17-6, unknown, unknown, unknown,23, write_cmd,0,2388698988,2M,out,client
NMF26X.J320VVRS2BRA2, OPSS28.85-17-6, unknown, unknown, unknown,23, write_cmd,0,2389476488,2M,out,client
NMF26X.J320VVRS2BRA2, OPSS28.85-17-6, unknown, unknown, unknown,23, write_cmd,0,2390123988,2M,out,client
NMF26X.J320VVRS2BRA2, OPSS28.85-17-6, unknown, unknown, unknown,23, write_cmd,0,2390821488,2M,out,client
NMF26X.J320VVRS2BRA2, OPSS28.85-17-6, unknown, unknown, unknown,23, write_cmd,0,2391335343,2M,out,client
NMF26X.J320VVRS2BRA2, OPSS28.85-17-6, unknown, unknown, unknown,23, write_cmd,0,2391840551,2M,out,client
NMF26X.J320VVRS2BRA2, OPSS28.85-17-6, unknown, unknown, unknown,23, write_cmd,0,2394186124,2M,out,client
NMF26X.J320VVRS2BRA2, OPSS28.85-17-6, unknown, unknown, unknown,23, write_cmd,0,2394823468,2M,out,client
NMF26X.J320VVRS2BRA2, OPSS28.85-17-6, unknown, unknown, unknown,23, write_cmd,0,2395337947,2M,out,client
NMF26X.J320VVRS2BRA2, OPSS28.85-17-6, unknown, unknown, unknown,23, write_cmd,0,2437431441,2M,out,client
NMF26X.J320VVRS2BRA2, OPSS28.85-17-6, unknown, unknown, unknown,23, write_cmd,0,2438162483,2M,out,client
NMF26X.J320VVRS2BRA2, OPSS28.85-17-6, unknown, unknown, unknown,23, write_cmd,0,2438772431,2M,out,client
NMF26X.J320VVRS2BRA2, OPSS28.85-17-6, unknown, unknown, unknown,23, write_cmd,0,2439372118,2M,out,client
NMF26X.J320VVRS2BRA2, OPSS28.85-17-6, unknown, unknown, unknown,23, write_cmd,0,2441554566,2M,out,client
NMF26X.J320VVRS2BRA2, OPSS28.85-17-6, unknown, unknown, unknown,23, write_cmd,0,2442206858,2M,out,client
NMF26X.J320VVRS2BRA2, OPSS28.85-17-6, unknown, unknown, unknown,23, write_cmd,0,2442834202,2M,out,client
NMF26X.J320VVRS2BRA2, OPSS28.85-17-6, unknown, unknown, unknown,23, write_cmd,0,2443473994,2M,out,client
NMF26X.J320VVRS2BRA2, OPSS28.85-17-6, unknown, unknown, unknown,23, write_cmd,0,2444227692,2M,out,client
NMF26X.J320VVRS2BRA2, OPSS28.85-17-6, unknown, unknown, unknown,23, write_cmd,0,2444742327,2M,out,client
NMF26X.J320VVRS2BRA2, OPSS28.85-17-6, unknown, unknown, unknown,23, write_cmd,0,2445266494,2M,out,client
NMF26X.J320VVRS2BRA2, OPSS28.85-17-6, unknown, unknown, unknown,23, write_cmd,0,2446341494,2M,out,client
NMF26X.J320VVRS2BRA2, OPSS28.85-17-6, unknown, unknown, unknown,23, write_cmd,0,2446897275,2M,out,client
NMF26X.J320VVRS2BRA2, OPSS28.85-17-6, unknown, unknown, unknown,23, write_cmd,0,2447626025,2M,out,client
NMF26X.J320VVRS2BRA2, OPSS28.85-17-6, unknown, unknown, unknown,23, write_cmd,0,2448232015,2M,out,client
NMF26X.J320VVRS2BRA2, OPSS28.85-17-6, unknown, unknown, unknown,23, write_cmd,0,2448737744,2M,out,client
NMF26X.J320VVRS2BRA2, OPSS28.85-17-6, unknown, unknown, unknown,23, write_cmd,0,2486041394,2M,out,client
NMF26X.J320VVRS2BRA2, OPSS28.85-17-6, unknown, unknown, unknown,23, write_cmd,0,2486885404,2M,out,client
NMF26X.J320VVRS2BRA2, OPSS28.85-17-6, unknown, unknown, unknown,23, write_cmd,0,2487572175,2M,out,client
NMF26X.J320VVRS2BRA2, OPSS28.85-17-6, unknown, unknown, unknown,23, write_cmd,0,2488120717,2M,out,client
NMF26X.J320VVRS2BRA2, OPSS28.85-17-6, unknown, unknown, unknown,23, write_cmd,0,2488642957,2M,out,client
NMF26X.J320VVRS2BRA2, OPSS28.85-17-6, unknown, unknown, unknown,23, write_cmd,0,2489162540,2M,out,client
NMF26X.J320VVRS2BRA2, OPSS28.85-17-6, unknown, unknown, unknown,23, write_cmd,0,2489718686,2M,out,client
NMF26X.J320VVRS2BRA2, OPSS28.85-17-6, unknown, unknown, unknown,23, write_cmd,0,2490216655,2M,out,client
NMF26X.J320VVRS2BRA2, OPSS28.85-17-6, unknown, unknown, unknown,23, write_cmd,0,2490799623,2M,out,client
NMF26X.J320VVRS2BRA2, OPSS28.85-17-6, unknown, unknown, unknown,23, write_cmd,0,2491398165,2M,out,client
NMF26X.J320VVRS2BRA2, OPSS28.85-17-6, unknown, unknown, unknown,23, write_cmd,0,2492416394,2M,out,client
NMF26X.J320VVRS2BRA2, OPSS28.85-17-6, unknown, unknown, unknown,23, write_cmd,0,2493361238,2M,out,client
NMF26X.J320VVRS2BRA2, OPSS28.85-17-6, unknown, unknown, unknown,23, write_cmd,0,2494501551,2M,out,client
NMF26X.J320VVRS2BRA2, OPSS28.85-17-6, unknown, unknown, unknown,23, write_cmd,0,2495038582,2M,out,client
NMF26X.J320VVRS2BRA2, OPSS28.85-17-6, unknown, unknown, unknown,23, write_cmd,0,2495518843,2M,out,client
NMF26X.J320VVRS2BRA2, OPSS28.85-17-6, unknown, unknown, unknown,23, write_cmd,0,2495988739,2M,out,client
NMF26X.J320VVRS2BRA2, OPSS28.85-17-6, unknown, unknown, unknown,23, write_cmd,0,2534252388,2M,out,client
NMF26X.J320VVRS2BRA2, OPSS28.85-17-6, unknown, unknown, unknown,23, write_cmd,0,2534872076,2M,out,client
NMF26X.J320VVRS2BRA2, OPSS28.85-17-6, unknown, unknown, unknown,23, write_cmd,0,2535370878,2M,out,client
NMF26X.J320VVRS2BRA2, OPSS28.85-17-6, unknown, unknown, unknown,23, write_cmd,0,2535888118,2M,out,client
NMF26X.J320VVRS2BRA2, OPSS28.85-17-6, unknown, unknown, unknown,23, write_cmd,0,2536394315,2M,out,client
NMF26X.J320VVRS2BRA2, OPSS28.85-17-6, unknown, unknown, unknown,23, write_cmd,0,2536865618,2M,out,client
NMF26X.J320VVRS2BRA2, OPSS28.85-17-6, unknown, unknown, unknown,23, write_cmd,0,2537406399,2M,out,client
NMF26X.J320VVRS2BRA2, OPSS28.85-17-6, unknown, unknown, unknown,23, write_cmd,0,2538777909,2M,out,client
NMF26X.J320VVRS2BRA2, OPSS28.85-17-6, unknown, unknown, unknown,23, write_cmd,0,2583621768,2M,out,client
NMF26X.J320VVRS2BRA2, OPSS28.85-17-6, unknown, unknown, unknown,23, write_cmd,0,2584403799,2M,out,client
NMF26X.J320VVRS2BRA2, OPSS28.85-17-6, unknown, unknown, unknown,23, write_cmd,0,2585060258,2M,out,client
NMF26X.J320VVRS2BRA2, OPSS28.85-17-6, unknown, unknown, unknown,23, write_cmd,0,2586258539,2M,out,client
NMF26X.J320VVRS2BRA2, OPSS28.85-17-6, unknown, unknown, unknown,23, write_cmd,0,2587400571,2M,out,client
NMF26X.J320VVRS2BRA2, OPSS28.85-17-6, unknown, unknown, unknown,23, write_cmd,0,2588372810,2M,out,client
NMF26X.J320VVRS2BRA2, OPSS28.85-17-6, unknown, unknown, unknown,23, write_cmd,0,2589516508,2M,out,client
NMF26X.J320VVRS2BRA2, OPSS28.85-17-6, unknown, unknown, unknown,23, write_cmd,0,2590673383,2M,out,client
NMF26X.J320VVRS2BRA2, OPSS28.85-17-6, unknown, unknown, unknown,23, write_cmd,0,2591701092,2M,out,client
NMF26X.J320VVRS2BRA2, OPSS28.85-17-6, unknown, unknown, unknown,23, write_cmd,0,2592220675,2M,out,client
NMF26X.J320VVRS2BRA2, OPSS28.85-17-6, unknown, unknown, unknown,23, write_cmd,0,2592696248,2M,out,client
NMF26X.J320VVRS2BRA2, OPSS28.85-17-6, unknown, unknown, unknown,23, write_cmd,0,2593166352,2M,out,client
NMF26X.J320VVRS2BRA2, OPSS28.85-17-6, unknown, unknown, unknown,23, write_cmd,0,2593635519,2M,out,client
NMF26X.J320VVRS2BRA2, OPSS28.85-17-6, unknown, unknown, unknown,23, write_cmd,0,2594231248,2M,out,client
NMF26X.J320VVRS2BRA2, OPSS28.85-17-6, unknown, unknown, unknown,23, write_cmd,0,2594710155,2M,out,client
NMF26X.J320VVRS2BRA2, OPSS28.85-17-6, unknown, unknown, unknown,23, write_cmd,0,2595179738,2M,out,client
NMF26X.J320VVRS2BRA2, OPSS28.85-17-6, unknown, unknown, unknown,23, write_cmd,0,2681341622,2M,out,client
NMF26X.J320VVRS2BRA2, OPSS28.85-17-6, unknown, unknown, unknown,23, write_cmd,0,2681989122,2M,out,client
NMF26X.J320VVRS2BRA2, OPSS28.85-17-6, unknown, unknown, unknown,23, write_cmd,0,2682524226,2M,out,client
NMF26X.J320VVRS2BRA2, OPSS28.85-17-6, unknown, unknown, unknown,23, write_cmd,0,2683061153,2M,out,client
NMF26X.J320VVRS2BRA2, OPSS28.85-17-6, unknown, unknown, unknown,23, write_cmd,0,2683568028,2M,out,client
NMF26X.J320VVRS2BRA2, OPSS28.85-17-6, unknown, unknown, unknown,23, write_cmd,0,2684129955,2M,out,client
NMF26X.J320VVRS2BRA2, OPSS28.85-17-6, unknown, unknown, unknown,23, write_cmd,0,2684620684,2M,out,client
NMF26X.J320VVRS2BRA2, OPSS28.85-17-6, unknown, unknown, unknown,23, write_cmd,0,2685824591,2M,out,client
NMF26X.J320VVRS2BRA2, OPSS28.85-17-6, unknown, unknown, unknown,23, write_cmd,0,2686353653,2M,out,client
NMF26X.J320VVRS2BRA2, OPSS28.85-17-6, unknown, unknown, unknown,23, write_cmd,0,2686880841,2M,out,client
NMF26X.J320VVRS2BRA2, OPSS28.85-17-6, unknown, unknown, unknown,23, write_cmd,0,2687488914,2M,out,client
NMF26X.J320VVRS2BRA2, OPSS28.85-17-6, unknown, unknown, unknown,23, write_cmd,0,2688003185,2M,out,client
NMF26X.J320VVRS2BRA2, OPSS28.85-17-6, unknown, unknown, unknown,23, write_cmd,0,2688523237,2M,out,client
NMF26X.J320VVRS2BRA2, OPSS28.85-17-6, unknown, unknown, unknown,23, write_cmd,0,2689032820,2M,out,client
NMF26X.J320VVRS2BRA2, OPSS28.85-17-6, unknown, unknown, unknown,23, write_cmd,0,2689509383,2M,out,client
NMF26X.J320VVRS2BRA2, OPSS28.85-17-6, unknown, unknown, unknown,23, write_cmd,0,2689982820,2M,out,client
NMF26X.J320VVRS2BRA2, OPSS28.85-17-6, unknown, unknown, unknown,23, write_cmd,0,2729212095,2M,out,client
NMF26X.J320VVRS2BRA2, OPSS28.85-17-6, unknown, unknown, unknown,23, write_cmd,0,2729817147,2M,out,client
NMF26X.J320VVRS2BRA2, OPSS28.85-17-6, unknown, unknown, unknown,23, write_cmd,0,2730337876,2M,out,client
NMF26X.J320VVRS2BRA2, OPSS28.85-17-6, unknown, unknown, unknown,23, write_cmd,0,2730909022,2M,out,client
NMF26X.J320VVRS2BRA2, OPSS28.85-17-6, unknown, unknown, unknown,23, write_cmd,0,2731396575,2M,out,client
NMF26X.J320VVRS2BRA2, OPSS28.85-17-6, unknown, unknown, unknown,23, write_cmd,0,2731888293,2M,out,client
NMF26X.J320VVRS2BRA2, OPSS28.85-17-6, unknown, unknown, unknown,23, write_cmd,0,2732378762,2M,out,client
NMF26X.J320VVRS2BRA2, OPSS28.85-17-6, unknown, unknown, unknown,23, write_cmd,0,2733172773,2M,out,client
NMF26X.J320VVRS2BRA2, OPSS28.85-17-6, unknown, unknown, unknown,23, write_cmd,0,2733988866,2M,out,client
NMF26X.J320VVRS2BRA2, OPSS28.85-17-6, unknown, unknown, unknown,23, write_cmd,0,2734507512,2M,out,client
NMF26X.J320VVRS2BRA2, OPSS28.85-17-6, unknown, unknown, unknown,23, write_cmd,0,2735015117,2M,out,client
NMF26X.J320VVRS2BRA2, OPSS28.85-17-6, unknown, unknown, unknown,23, write_cmd,0,2735768398,2M,out,client
NMF26X.J320VVRS2BRA2, OPSS28.85-17-6, unknown, unknown, unknown,23, write_cmd,0,2736274440,2M,out,client
NMF26X.J320VVRS2BRA2, OPSS28.85-17-6, unknown, unknown, unknown,23, write_cmd,0,2736766315,2M,out,client
NMF26X.J320VVRS2BRA2, OPSS28.85-17-6, unknown, unknown, unknown,23, write_cmd,0,2737702044,2M,out,client
NMF26X.J320VVRS2BRA2, OPSS28.85-17-6, unknown, unknown, unknown,23, write_cmd,0,2738202096,2M,out,client
NMF26X.J320VVRS2BRA2, OPSS28.85-17-6, unknown, unknown, unknown,23, write_cmd,0,2777966996,2M,out,client
NMF26X.J320VVRS2BRA2, OPSS28.85-17-6, unknown, unknown, unknown,23, write_cmd,0,2778536058,2M,out,client
NMF26X.J320VVRS2BRA2, OPSS28.85-17-6, unknown, unknown, unknown,23, write_cmd,0,2779485225,2M,out,client
NMF26X.J320VVRS2BRA2, OPSS28.85-17-6, unknown, unknown, unknown,23, write_cmd,0,2780007777,2M,out,client
NMF26X.J320VVRS2BRA2, OPSS28.85-17-6, unknown, unknown, unknown,23, write_cmd,0,2780513871,2M,out,client
NMF26X.J320VVRS2BRA2, OPSS28.85-17-6, unknown, unknown, unknown,23, write_cmd,0,2781073142,2M,out,client
NMF26X.J320VVRS2BRA2, OPSS28.85-17-6, unknown, unknown, unknown,23, write_cmd,0,2781601163,2M,out,client
NMF26X.J320VVRS2BRA2, OPSS28.85-17-6, unknown, unknown, unknown,23, write_cmd,0,2782118663,2M,out,client
NMF26X.J320VVRS2BRA2, OPSS28.85-17-6, unknown, unknown, unknown,23, write_cmd,0,2782620903,2M,out,client
NMF26X.J320VVRS2BRA2, OPSS28.85-17-6, unknown, unknown, unknown,23, write_cmd,0,2783110538,2M,out,client
NMF26X.J320VVRS2BRA2, OPSS28.85-17-6, unknown, unknown, unknown,23, write_cmd,0,2783659913,2M,out,client
NMF26X.J320VVRS2BRA2, OPSS28.85-17-6, unknown, unknown, unknown,23, write_cmd,0,2784906059,2M,out,client
NMF26X.J320VVRS2BRA2, OPSS28.85-17-6, unknown, unknown, unknown,23, write_cmd,0,2785833090,2M,out,client
NMF26X.J320VVRS2BRA2, OPSS28.85-17-6, unknown, unknown, unknown,23, write_cmd,0,2786383351,2M,out,client
NMF26X.J320VVRS2BRA2, OPSS28.85-17-6, unknown, unknown, unknown,23, write_cmd,0,2786881424,2M,out,client
NMF26X.J320VVRS2BRA2, OPSS28.85-17-6, unknown, unknown, unknown,23, write_cmd,0,2787565643,2M,out,client
NMF26X.J320VVRS2BRA2, OPSS28.85-17-6, unknown, unknown, unknown,23, write_cmd,0,2826966428,2M,out,client
NMF26X.J320VVRS2BRA2, OPSS28.85-17-6, unknown, unknown, unknown,23, write_cmd,0,2827921792,2M,out,client
NMF26X.J320VVRS2BRA2, OPSS28.85-17-6, unknown, unknown, unknown,23, write_cmd,0,2828482938,2M,out,client
NMF26X.J320VVRS2BRA2, OPSS28.85-17-6, unknown, unknown, unknown,23, write_cmd,0,2829000907,2M,out,client
NMF26X.J320VVRS2BRA2, OPSS28.85-17-6, unknown, unknown, unknown,23, write_cmd,0,2829515595,2M,out,client
NMF26X.J320VVRS2BRA2, OPSS28.85-17-6, unknown, unknown, unknown,23, write_cmd,0,2830016532,2M,out,client
NMF26X.J320VVRS2BRA2, OPSS28.85-17-6, unknown, unknown, unknown,23, write_cmd,0,2830502209,2M,out,client
NMF26X.J320VVRS2BRA2, OPSS28.85-17-6, unknown, unknown, unknown,23, write_cmd,0,2831059189,2M,out,client
NMF26X.J320VVRS2BRA2, OPSS28.85-17-6, unknown, unknown, unknown,23, write_cmd,0,2831549918,2M,out,client
NMF26X.J320VVRS2BRA2, OPSS28.85-17-6, unknown, unknown, unknown,23, write_cmd,0,2832030751,2M,out,client
NMF26X.J320VVRS2BRA2, OPSS28.85-17-6, unknown, unknown, unknown,23, write_cmd,0,2832750908,2M,out,client
NMF26X.J320VVRS2BRA2, OPSS28.85-17-6, unknown, unknown, unknown,23, write_cmd,0,2833258980,2M,out,client
NMF26X.J320VVRS2BRA2, OPSS28.85-17-6, unknown, unknown, unknown,23, write_cmd,0,2833766845,2M,out,client
NMF26X.J320VVRS2BRA2, OPSS28.85-17-6, unknown, unknown, unknown,23, write_cmd,0,2834822522,2M,out,client
NMF26X.J320VVRS2BRA2, OPSS28.85-17-6, unknown, unknown, unknown,23, write_cmd,0,2835363668,2M,out,client
NMF26X.J320VVRS2BRA2, OPSS28.85-17-6, unknown, unknown, unknown,23, write_cmd,0,2835919606,2M,out,client
NMF26X.J320VVRS2BRA2, OPSS28.85-17-6, unknown, unknown, unknown,23, write_cmd,0,2875627006,2M,out,client
NMF26X.J320VVRS2BRA2, OPSS28.85-17-6, unknown, unknown, unknown,23, write_cmd,0,2876213933,2M,out,client
NMF26X.J320VVRS2BRA2, OPSS28.85-17-6, unknown, unknown, unknown,23, write_cmd,0,2876716589,2M,out,client
NMF26X.J320VVRS2BRA2, OPSS28.85-17-6, unknown, unknown, unknown,23, write_cmd,0,2877290912,2M,out,client
NMF26X.J320VVRS2BRA2, OPSS28.85-17-6, unknown, unknown, unknown,23, write_cmd,0,2877796433,2M,out,client
NMF26X.J320VVRS2BRA2, OPSS28.85-17-6, unknown, unknown, unknown,23, write_cmd,0,2878335079,2M,out,client
NMF26X.J320VVRS2BRA2, OPSS28.85-17-6, unknown, unknown, unknown,23, write_cmd,0,2878839037,2M,out,client
NMF26X.J320VVRS2BRA2, OPSS28.85-17-6, unknown, unknown, unknown,23, write_cmd,0,2879339923,2M,out,client
NMF26X.J320VVRS2BRA2, OPSS28.85-17-6, unknown, unknown, unknown,23, write_cmd,0,2879830287,2M,out,client
NMF26X.J320VVRS2BRA2, OPSS28.85-17-6, unknown, unknown, unknown,23, write_cmd,0,2880319819,2M,out,client
NMF26X.J320VVRS2BRA2, OPSS28.85-17-6, unknown, unknown, unknown,23, write_cmd,0,2881239662,2M,out,client
NMF26X.J320VVRS2BRA2, OPSS28.85-17-6, unknown, unknown, unknown,23, write_cmd,0,2882078725,2M,out,client
NMF26X.J320VVRS2BRA2, OPSS28.85-17-6, unknown, unknown, unknown,23, write_cmd,0,2882883673,2M,out,client
NMF26X.J320VVRS2BRA2, OPSS28.85-17-6, unknown, unknown, unknown,23, write_cmd,0,2883704142,2M,out,client
NMF26X.J320VVRS2BRA2, OPSS28.85-17-6, unknown, unknown, unknown,23, write_cmd,0,2884551277,2M,out,client
NMF26X.J320VVRS2BRA2, OPSS28.85-17-6, unknown, unknown, unknown,23, write_cmd,0,2885379298,2M,out,client
NMF26X.J320VVRS2BRA2, OPSS28.85-17-6, unknown, unknown, unknown,23, write_cmd,0,2924300292,2M,out,client
NMF26X.J320VVRS2BRA2, OPSS28.85-17-6, unknown, unknown, unknown,23, write_cmd,0,2924915188,2M,out,client
NMF26X.J320VVRS2BRA2, OPSS28.85-17-6, unknown, unknown, unknown,23, write_cmd,0,2925448208,2M,out,client
NMF26X.J320VVRS2BRA2, OPSS28.85-17-6, unknown, unknown, unknown,23, write_cmd,0,2925967011,2M,out,client
NMF26X.J320VVRS2BRA2, OPSS28.85-17-6, unknown, unknown, unknown,23, write_cmd,0,2926459771,2M,out,client
NMF26X.J320VVRS2BRA2, OPSS28.85-17-6, unknown, unknown, unknown,23, write_cmd,0,2927005969,2M,out,client
NMF26X.J320VVRS2BRA2, OPSS28.85-17-6, unknown, unknown, unknown,23, write_cmd,0,2927680552,2M,out,client
NMF26X.J320VVRS2BRA2, OPSS28.85-17-6, unknown, unknown, unknown,23, write_cmd,0,2928198521,2M,out,client
NMF26X.J320VVRS2BRA2, OPSS28.85-17-6, unknown, unknown, unknown,23, write_cmd,0,2928704927,2M,out,client
NMF26X.J320VVRS2BRA2, OPSS28.85-17-6, unknown, unknown, unknown,23, write_cmd,0,2929201438,2M,out,client
NMF26X.J320VVRS2BRA2, OPSS28.85-17-6, unknown, unknown, unknown,23, write_cmd,0,2929690969,2M,out,client
NMF26X.J320VVRS2BRA2, OPSS28.85-17-6, unknown, unknown, unknown,23, write_cmd,0,2930675865,2M,out,client
NMF26X.J320VVRS2BRA2, OPSS28.85-17-6, unknown, unknown, unknown,23, write_cmd,0,2931172584,2M,out,client
NMF26X.J320VVRS2BRA2, OPSS28.85-17-6, unknown, unknown, unknown,23, write_cmd,0,2973113109,2M,out,client
NMF26X.J320VVRS2BRA2, OPSS28.85-17-6, unknown, unknown, unknown,23, write_cmd,0,2973695765,2M,out,client
NMF26X.J320VVRS2BRA2, OPSS28.85-17-6, unknown, unknown, unknown,23, write_cmd,0,2974471286,2M,out,client
NMF26X.J320VVRS2BRA2, OPSS28.85-17-6, unknown, unknown, unknown,23, write_cmd,0,2974974932,2M,out,client
NMF26X.J320VVRS2BRA2, OPSS28.85-17-6, unknown, unknown, unknown,23, write_cmd,0,2975468422,2M,out,client
NMF26X.J320VVRS2BRA2, OPSS28.85-17-6, unknown, unknown, unknown,23, write_cmd,0,2975967797,2M,out,client
NMF26X.J320VVRS2BRA2, OPSS28.85-17-6, unknown, unknown, unknown,23, write_cmd,0,2976466807,2M,out,client
NMF26X.J320VVRS2BRA2, OPSS28.85-17-6, unknown, unknown, unknown,23, write_cmd,0,2976959828,2M,out,client
NMF26X.J320VVRS2BRA2, OPSS28.85-17-6, unknown, unknown, unknown,23, write_cmd,0,2977510505,2M,out,client
NMF26X.J320VVRS2BRA2, OPSS28.85-17-6, unknown, unknown, unknown,23, write_cmd,0,2978032328,2M,out,client
NMF26X.J320VVRS2BRA2, OPSS28.85-17-6, unknown, unknown, unknown,23, write_cmd,0,2978525922,2M,out,client
NMF26X.J320VVRS2BRA2, OPSS28.85-17-6, unknown, unknown, unknown,23, write_cmd,0,2979430662,2M,out,client
NMF26X.J320VVRS2BRA2, OPSS28.85-17-6, unknown, unknown, unknown,23, write_cmd,0,2980634881,2M,out,client
NMF26X.J320VVRS2BRA2, OPSS28.85-17-6, unknown, unknown, unknown,23, write_cmd,0,2981253318,2M,out,client
NMF26X.J320VVRS2BRA2, OPSS28.85-17-6, unknown, unknown, unknown,23, write_cmd,0,2981747537,2M,out,client
NMF26X.J320VVRS2BRA2, OPSS28.85-17-6, unknown, unknown, unknown,23, write_cmd,0,2982222693,2M,out,client
NMF26X.J320VVRS2BRA2, OPSS28.85-17-6, unknown, unknown, unknown,23, write_cmd,0,3022192124,2M,out,client
NMF26X.J320VVRS2BRA2, OPSS28.85-17-6, unknown, unknown, unknown,23, write_cmd,0,3022786291,2M,out,client
NMF26X.J320VVRS2BRA2, OPSS28.85-17-6, unknown, unknown, unknown,23, write_cmd,0,3023296239,2M,out,client
NMF26X.J320VVRS2BRA2, OPSS28.85-17-6, unknown, unknown, unknown,23, write_cmd,0,3023794937,2M,out,client
NMF26X.J320VVRS2BRA2, OPSS28.85-17-6, unknown, unknown, unknown,23, write_cmd,0,3024427750,2M,out,client
NMF26X.J320VVRS2BRA2, OPSS28.85-17-6, unknown, unknown, unknown,23, write_cmd,0,3024938166,2M,out,client
NMF26X.J320VVRS2BRA2, OPSS28.85-17-6, unknown, unknown, unknown,23, write_cmd,0,3025432281,2M,out,client
NMF26X.J320VVRS2BRA2, OPSS28.85-17-6, unknown, unknown, unknown,23, write_cmd,0,3025927541,2M,out,client
NMF26X.J320VVRS2BRA2, OPSS28.85-17-6, unknown, unknown, unknown,23, write_cmd,0,3026426968,2M,out,client
NMF26X.J320VVRS2BRA2, OPSS28.85-17-6, unknown, unknown, unknown,23, write_cmd,0,3027159625,2M,out,client
NMF26X.J320VVRS2BRA2, OPSS28.85-17-6, unknown, unknown, unknown,23, write_cmd,0,3027965510,2M,out,client
NMF26X.J320VVRS2BRA2, OPSS28.85-17-6, unknown, unknown, unknown,23, write_cmd,0,3028484260,2M,out,client
NMF26X.J320VVRS2BRA2, OPSS28.85-17-6, unknown, unknown, unknown,23, write_cmd,0,3028961760,2M,out,client
NMF26X.J320VVRS2BRA2, OPSS28.85-17-6, unknown, unknown, unknown,23, write_cmd,0,3031106448,2M,out,client
NMF26X.J320VVRS2BRA2, OPSS28.85-17-6, unknown, unknown, unknown,23, write_cmd,0,3071379681,2M,out,client
NMF26X.J320VVRS2BRA2, OPSS28.85-17-6, unknown, unknown, unknown,23, write_cmd,0,3072307598,2M,out,client
NMF26X.J320VVRS2BRA2, OPSS28.85-17-6, unknown, unknown, unknown,23, write_cmd,0,3072826713,2M,out,client
NMF26X.J320VVRS2BRA2, OPSS28.85-17-6, unknown, unknown, unknown,23, write_cmd,0,3073387598,2M,out,client
NMF26X.J320VVRS2BRA2, OPSS28.85-17-6, unknown, unknown, unknown,23, write_cmd,0,3073975723,2M,out,client
NMF26X.J320VVRS2BRA2, OPSS28.85-17-6, unknown, unknown, unknown,23, write_cmd,0,3074457025,2M,out,client
NMF26X.J320VVRS2BRA2, OPSS28.85-17-6, unknown, unknown, unknown,23, write_cmd,0,3075612807,2M,out,client
NMF26X.J320VVRS2BRA2, OPSS28.85-17-6, unknown, unknown, unknown,23, write_cmd,0,3119496613,2M,out,client
NMF26X.J320VVRS2BRA2, OPSS28.85-17-6, unknown, unknown, unknown,23, write_cmd,0,3168723285,2M,out,client
NMF26X.J320VVRS2BRA2, OPSS28.85-17-6, unknown, unknown, unknown,23, write_cmd,0,3169581931,2M,out,client
NMF26X.J320VVRS2BRA2, OPSS28.85-17-6, unknown, unknown, unknown,23, write_cmd,0,3170230368,2M,out,client
NMF26X.J320VVRS2BRA2, OPSS28.85-17-6, unknown, unknown, unknown,23, write_cmd,0,3170915941,2M,out,client
NMF26X.J320VVRS2BRA2, OPSS28.85-17-6, unknown, unknown, unknown,23, write_cmd,0,3171552139,2M,out,client
NMF26X.J320VVRS2BRA2, OPSS28.85-17-6, unknown, unknown, unknown,23, write_cmd,0,3172172243,2M,out,client
NMF26X.J320VVRS2BRA2, OPSS28.85-17-6, unknown, unknown, unknown,23, write_cmd,0,3173975056,2M,out,client
NMF26X.J320VVRS2BRA2, OPSS28.85-17-6, unknown, unknown, unknown,23, write_cmd,0,3174880265,2M,out,client
NMF26X.J320VVRS2BRA2, OPSS28.85-17-6, unknown, unknown, unknown,23, write_cmd,0,3175494900,2M,out,client
NMF26X.J320VVRS2BRA2, OPSS28.85-17-6, unknown, unknown, unknown,23, write_cmd,0,3175964952,2M,out,client
NMF26X.J320VVRS2BRA2, OPSS28.85-17-6, unknown, unknown, unknown,23, write_cmd,0,3176422713,2M,out,client
NMF26X.J320VVRS2BRA2, OPSS28.85-17-6, unknown, unknown, unknown,23, write_cmd,0,3176873494,2M,out,client
NMF26X.J320VVRS2BRA2, OPSS28.85-17-6, unknown, unknown, unknown,23, write_cmd,0,3177485994,2M,out,client
NMF26X.J320VVRS2BRA2, OPSS28.85-17-6, unknown, unknown, unknown,23, write_cmd,0,3180251203,2M,out,client
NMF26X.J320VVRS2BRA2, OPSS28.85-17-6, unknown, unknown, unknown,23, write_cmd,0,3180901828,2M,out,client
NMF26X.J320VVRS2BRA2, OPSS28.85-17-6, unknown, unknown, unknown,23, write_cmd,0,3216908862,2M,out,client
NMF26X.J320VVRS2BRA2, OPSS28.85-17-6, unknown, unknown, unknown,23, write_cmd,0,3265635326,2M,out,client
NMF26X.J320VVRS2BRA2, OPSS28.85-17-6, unknown, unknown, unknown,23, write_cmd,0,3266379024,2M,out,client
NMF26X.J320VVRS2BRA2, OPSS28.85-17-6, unknown, unknown, unknown,23, write_cmd,0,3267106732,2M,out,client
NMF26X.J320VVRS2BRA2, OPSS28.85-17-6, unknown, unknown, unknown,23, write_cmd,0,3268002201,2M,out,client
NMF26X.J320VVRS2BRA2, OPSS28.85-17-6, unknown, unknown, unknown,23, write_cmd,0,3268502097,2M,out,client
NMF26X.J320VVRS2BRA2, OPSS28.85-17-6, unknown, unknown, unknown,23, write_cmd,0,3268966003,2M,out,client
NMF26X.J320VVRS2BRA2, OPSS28.85-17-6, unknown, unknown, unknown,23, write_cmd,0,3269433347,2M,out,client
NMF26X.J320VVRS2BRA2, OPSS28.85-17-6, unknown, unknown, unknown,23, write_cmd,0,3269894753,2M,out,client
NMF26X.J320VVRS2BRA2, OPSS28.85-17-6, unknown, unknown, unknown,23, write_cmd,0,3270356368,2M,out,client
NMF26X.J320VVRS2BRA2, OPSS28.85-17-6, unknown, unknown, unknown,23, write_cmd,0,3270930743,2M,out,client
NMF26X.J320VVRS2BRA2, OPSS28.85-17-6, unknown, unknown, unknown,23, write_cmd,0,3271388191,2M,out,client
NMF26X.J320VVRS2BRA2, OPSS28.85-17-6, unknown, unknown, unknown,23, write_cmd,0,3271843608,2M,out,client
NMF26X.J320VVRS2BRA2, OPSS28.85-17-6, unknown, unknown, unknown,23, write_cmd,0,3273084858,2M,out,client
NMF26X.J320VVRS2BRA2, OPSS28.85-17-6, unknown, unknown, unknown,23, write_cmd,0,3273741108,2M,out,client
NMF26X.J320VVRS2BRA2, OPSS28.85-17-6, unknown, unknown, unknown,23, write_cmd,0,3274506264,2M,out,client
NMF26X.J320VVRS2BRA2, OPSS28.85-17-6, unknown, unknown, unknown,23, write_cmd,0,3274961056,2M,out,client
NMF26X.J320VVRS2BRA2, OPSS28.85-17-6, unknown, unknown, unknown,23, write_cmd,0,3363676273,2M,out,client
NMF26X.J320VVRS2BRA2, OPSS28.85-17-6, unknown, unknown, unknown,23, write_cmd,0,3364509450,2M,out,client
NMF26X.J320VVRS2BRA2, OPSS28.85-17-6, unknown, unknown, unknown,23, write_cmd,0,3365030075,2M,out,client
NMF26X.J320VVRS2BRA2, OPSS28.85-17-6, unknown, unknown, unknown,23, write_cmd,0,3365501638,2M,out,client
NMF26X.J320VVRS2BRA2, OPSS28.85-17-6, unknown, unknown, unknown,23, write_cmd,0,3365991950,2M,out,client
NMF26X.J320VVRS2BRA2, OPSS28.85-17-6, unknown, unknown, unknown,23, write_cmd,0,3366460804,2M,out,client
NMF26X.J320VVRS2BRA2, OPSS28.85-17-6, unknown, unknown, unknown,23, write_cmd,0,3366970388,2M,out,client
NMF26X.J320VVRS2BRA2, OPSS28.85-17-6, unknown, unknown, unknown,23, write_cmd,0,3367525336,2M,out,client
NMF26X.J320VVRS2BRA2, OPSS28.85-17-6, unknown, unknown, unknown,23, write_cmd,0,3368007003,2M,out,client
NMF26X.J320VVRS2BRA2, OPSS28.85-17-6, unknown, unknown, unknown,23, write_cmd,0,3368490648,2M,out,client
NMF26X.J320VVRS2BRA2, OPSS28.85-17-6, unknown, unknown, unknown,23, write_cmd,0,3368952576,2M,out,client
NMF26X.J320VVRS2BRA2, OPSS28.85-17-6, unknown, unknown, unknown,23, write_cmd,0,3369420596,2M,out,client
NMF26X.J320VVRS2BRA2, OPSS28.85-17-6, unknown, unknown, unknown,23, write_cmd,0,3369894034,2M,out,client
NMF26X.J320VVRS2BRA2, OPSS28.85-17-6, unknown, unknown, unknown,23, write_cmd,0,3370357263,2M,out,client
NMF26X.J320VVRS2BRA2, OPSS28.85-17-6, unknown, unknown, unknown,23, write_cmd,0,3371921690,2M,out,client
NMF26X.J320VVRS2BRA2, OPSS28.85-17-6, unknown, unknown, unknown,23, write_cmd,0,3372819659,2M,out,client
NMF26X.J320VVRS2BRA2, OPSS28.85-17-6, unknown, unknown, unknown,23, write_cmd,0,3412811538,2M,out,client
NMF26X.J320VVRS2BRA2, OPSS28.85-17-6, unknown, unknown, unknown,23, write_cmd,0,3413544715,2M,out,client
NMF26X.J320VVRS2BRA2, OPSS28.85-17-6, unknown, unknown, unknown,23, write_cmd,0,3414248934,2M,out,client
NMF26X.J320VVRS2BRA2, OPSS28.85-17-6, unknown, unknown, unknown,23, write_cmd,0,3414896799,2M,out,client
NMF26X.J320VVRS2BRA2, OPSS28.85-17-6, unknown, unknown, unknown,23, write_cmd,0,3415377424,2M,out,client
NMF26X.J320VVRS2BRA2, OPSS28.85-17-6, unknown, unknown, unknown,23, write_cmd,0,3415966486,2M,out,client
NMF26X.J320VVRS2BRA2, OPSS28.85-17-6, unknown, unknown, unknown,23, write_cmd,0,3416548726,2M,out,client
NMF26X.J320VVRS2BRA2, OPSS28.85-17-6, unknown, unknown, unknown,23, write_cmd,0,3417153726,2M,out,client
NMF26X.J320VVRS2BRA2, OPSS28.85-17-6, unknown, unknown, unknown,23, write_cmd,0,3417683882,2M,out,client
NMF26X.J320VVRS2BRA2, OPSS28.85-17-6, unknown, unknown, unknown,23, write_cmd,0,3418165549,2M,out,client
NMF26X.J320VVRS2BRA2, OPSS28.85-17-6, unknown, unknown, unknown,23, write_cmd,0,3418633310,2M,out,client
NMF26X.J320VVRS2BRA2, OPSS28.85-17-6, unknown, unknown, unknown,23, write_cmd,0,3419071851,2M,out,client
NMF26X.J320VVRS2BRA2, OPSS28.85-17-6, unknown, unknown, unknown,23, write_cmd,0,3419506956,2M,out,client
NMF26X.J320VVRS2BRA2, OPSS28.85-17-6, unknown, unknown, unknown,23, write_cmd,0,3461087741,2M,out,client
NMF26X.J320VVRS2BRA2, OPSS28.85-17-6, unknown, unknown, unknown,23, write_cmd,0,3461992429,2M,out,client
NMF26X.J320VVRS2BRA2, OPSS28.85-17-6, unknown, unknown, unknown,23, write_cmd,0,3463213991,2M,out,client
NMF26X.J320VVRS2BRA2, OPSS28.85-17-6, unknown, unknown, unknown,23, write_cmd,0,3464344564,2M,out,client
NMF26X.J320VVRS2BRA2, OPSS28.85-17-6, unknown, unknown, unknown,23, write_cmd,0,3464979043,2M,out,client
NMF26X.J320VVRS2BRA2, OPSS28.85-17-6, unknown, unknown, unknown,23, write_cmd,0,3465483835,2M,out,client
NMF26X.J320VVRS2BRA2, OPSS28.85-17-6, unknown, unknown, unknown,23, write_cmd,0,3466058158,2M,out,client
NMF26X.J320VVRS2BRA2, OPSS28.85-17-6, unknown, unknown, unknown,23, write_cmd,0,3466617221,2M,out,client
NMF26X.J320VVRS2BRA2, OPSS28.85-17-6, unknown, unknown, unknown,23, write_cmd,0,3468041804,2M,out,client
NMF26X.J320VVRS2BRA2, OPSS28.85-17-6, unknown, unknown, unknown,23, write_cmd,0,3468510085,2M,out,client
NMF26X.J320VVRS2BRA2, OPSS28.85-17-6, unknown, unknown, unknown,23, write_cmd,0,3471446961,2M,out,client
NMF26X.J320VVRS2BRA2, OPSS28.85-17-6, unknown, unknown, unknown,23, write_cmd,0,3471944409,2M,out,client
NMF26X.J320VVRS2BRA2, OPSS28.85-17-6, unknown, unknown, unknown,23, write_cmd,0,3472397117,2M,out,client
NMF26X.J320VVRS2BRA2, OPSS28.85-17-6, unknown, unknown, unknown,23, write_cmd,0,3472827898,2M,out,client
NMF26X.J320VVRS2BRA2, OPSS28.85-17-6, unknown, unknown, unknown,23, write_cmd,0,3473257742,2M,out,client
NMF26X.J320VVRS2BRA2, OPSS28.85-17-6, unknown, unknown, unknown,23, write_cmd,0,3473685919,2M,out,client
NMF26X.J320VVRS2BRA2, OPSS28.85-17-6, unknown, unknown, unknown,23, write_cmd,0,3509499360,2M,out,client
NMF26X.J320VVRS2BRA2, OPSS28.85-17-6, unknown, unknown, unknown,23, write_cmd,0,3510191340,2M,out,client
NMF26X.J320VVRS2BRA2, OPSS28.85-17-6, unknown, unknown, unknown,23, write_cmd,0,3511010506,2M,out,client
NMF26X.J320VVRS2BRA2, OPSS28.85-17-6, unknown, unknown, unknown,23, write_cmd,0,3511494986,2M,out,client
NMF26X.J320VVRS2BRA2, OPSS28.85-17-6, unknown, unknown, unknown,23, write_cmd,0,3512091027,2M,out,client
NMF26X.J320VVRS2BRA2, OPSS28.85-17-6, unknown, unknown, unknown,23, write_cmd,0,3512689986,2M,out,client
NMF26X.J320VVRS2BRA2, OPSS28.85-17-6, unknown, unknown, unknown,23, write_cmd,0,3513279777,2M,out,client
NMF26X.J320VVRS2BRA2, OPSS28.85-17-6, unknown, unknown, unknown,23, write_cmd,0,3513956236,2M,out,client
NMF26X.J320VVRS2BRA2, OPSS28.85-17-6, unknown, unknown, unknown,23, write_cmd,0,3514568580,2M,out,client
NMF26X.J320VVRS2BRA2, OPSS28.85-17-6, unknown, unknown, unknown,23, write_cmd,0,3515196236,2M,out,client
NMF26X.J320VVRS2BRA2, OPSS28.85-17-6, unknown, unknown, unknown,23, write_cmd,0,3515801705,2M,out,client
NMF26X.J320VVRS2BRA2, OPSS28.85-17-6, unknown, unknown, unknown,23, write_cmd,0,3516271236,2M,out,client
NMF26X.J320VVRS2BRA2, OPSS28.85-17-6, unknown, unknown, unknown,23, write_cmd,0,3516880194,2M,out,client
NMF26X.J320VVRS2BRA2, OPSS28.85-17-6, unknown, unknown, unknown,23, write_cmd,0,3517410038,2M,out,client
NMF26X.J320VVRS2BRA2, OPSS28.85-17-6, unknown, unknown, unknown,23, write_cmd,0,3517853945,2M,out,client
NMF26X.J320VVRS2BRA2, OPSS28.85-17-6, unknown, unknown, unknown,23, write_cmd,0,3518283320,2M,out,client
NMF26X.J320VVRS2BRA2, OPSS28.85-17-6, unknown, unknown, unknown,23, write_cmd,0,3558403584,2M,out,client
NMF26X.J320VVRS2BRA2, OPSS28.85-17-6, unknown, unknown, unknown,23, write_cmd,0,3559096449,2M,out,client
NMF26X.J320VVRS2BRA2, OPSS28.85-17-6, unknown, unknown, unknown,23, write_cmd,0,3559577282,2M,out,client
NMF26X.J320VVRS2BRA2, OPSS28.85-17-6, unknown, unknown, unknown,23, write_cmd,0,3560195876,2M,out,client
NMF26X.J320VVRS2BRA2, OPSS28.85-17-6, unknown, unknown, unknown,23, write_cmd,0,3560905824,2M,out,client
NMF26X.J320VVRS2BRA2, OPSS28.85-17-6, unknown, unknown, unknown,23, write_cmd,0,3561544886,2M,out,client
NMF26X.J320VVRS2BRA2, OPSS28.85-17-6, unknown, unknown, unknown,23, write_cmd,0,3562153689,2M,out,client
NMF26X.J320VVRS2BRA2, OPSS28.85-17-6, unknown, unknown, unknown,23, write_cmd,0,3562753741,2M,out,client
NMF26X.J320VVRS2BRA2, OPSS28.85-17-6, unknown, unknown, unknown,23, write_cmd,0,3563365564,2M,out,client
NMF26X.J320VVRS2BRA2, OPSS28.85-17-6, unknown, unknown, unknown,23, write_cmd,0,3564075199,2M,out,client
NMF26X.J320VVRS2BRA2, OPSS28.85-17-6, unknown, unknown, unknown,23, write_cmd,0,3564757803,2M,out,client
NMF26X.J320VVRS2BRA2, OPSS28.85-17-6, unknown, unknown, unknown,23, write_cmd,0,3565369105,2M,out,client
NMF26X.J320VVRS2BRA2, OPSS28.85-17-6, unknown, unknown, unknown,23, write_cmd,0,3565823220,2M,out,client
NMF26X.J320VVRS2BRA2, OPSS28.85-17-6, unknown, unknown, unknown,23, write_cmd,0,3566760824,2M,out,client
NMF26X.J320VVRS2BRA2, OPSS28.85-17-6, unknown, unknown, unknown,23, write_cmd,0,3567374627,2M,out,client
NMF26X.J320VVRS2BRA2, OPSS28.85-17-6, unknown, unknown, unknown,23, write_cmd,0,3567825408,2M,out,client
NMF26X.J320VVRS2BRA2, OPSS28.85-17-6, unknown, unknown, unknown,23, write_cmd,0,3607621662,2M,out,client
NMF26X.J320VVRS2BRA2, OPSS28.85-17-6, unknown, unknown, unknown,23, write_cmd,0,3608694006,2M,out,client
NMF26X.J320VVRS2BRA2, OPSS28.85-17-6, unknown, unknown, unknown,23, write_cmd,0,3609271662,2M,out,client
NMF26X.J320VVRS2BRA2, OPSS28.85-17-6, unknown, unknown, unknown,23, write_cmd,0,3610357860,2M,out,client
NMF26X.J320VVRS2BRA2, OPSS28.85-17-6, unknown, unknown, unknown,23, write_cmd,0,3610883225,2M,out,client
NMF26X.J320VVRS2BRA2, OPSS28.85-17-6, unknown, unknown, unknown,23, write_cmd,0,3611301870,2M,out,client
NMF26X.J320VVRS2BRA2, OPSS28.85-17-6, unknown, unknown, unknown,23, write_cmd,0,3611719475,2M,out,client
NMF26X.J320VVRS2BRA2, OPSS28.85-17-6, unknown, unknown, unknown,23, write_cmd,0,3656090156,2M,out,client
NMF26X.J320VVRS2BRA2, OPSS28.85-17-6, unknown, unknown, unknown,23, write_cmd,0,3656654271,2M,out,client
NMF26X.J320VVRS2BRA2, OPSS28.85-17-6, unknown, unknown, unknown,23, write_cmd,0,3657118802,2M,out,client
NMF26X.J320VVRS2BRA2, OPSS28.85-17-6, unknown, unknown, unknown,23, write_cmd,0,3657629896,2M,out,client
NMF26X.J320VVRS2BRA2, OPSS28.85-17-6, unknown, unknown, unknown,23, write_cmd,0,3658056406,2M,out,client
NMF26X.J320VVRS2BRA2, OPSS28.85-17-6, unknown, unknown, unknown,23, write_cmd,0,3658485573,2M,out,client
NMF26X.J320VVRS2BRA2, OPSS28.85-17-6, unknown, unknown, unknown,23, write_cmd,0,3658918386,2M,out,client
NMF26X.J320VVRS2BRA2, OPSS28.85-17-6, unknown, unknown, unknown,23, write_cmd,0,3659344063,2M,out,client
NMF26X.J320VVRS2BRA2, OPSS28.85-17-6, unknown, unknown, unknown,23, write_cmd,0,3660324740,2M,out,client
NMF26X.J320VVRS2BRA2, OPSS28.85-17-6, unknown, unknown, unknown,23, write_cmd,0,3661253855,2M,out,client
NMF26X.J320VVRS2BRA2, OPSS28.85-17-6, unknown, unknown, unknown,23, write_cmd,0,3662352448,2M,out,client
NMF26X.J320VVRS2BRA2, OPSS28.85-17-6, unknown, unknown, unknown,23, write_cmd,0,3663148699,2M,out,client
NMF26X.J320VVRS2BRA2, OPSS28.85-17-6, unknown, unknown, unknown,23, write_cmd,0,3663990626,2M,out,client
NMF26X.J320VVRS2BRA2, OPSS28.85-17-6, unknown, unknown, unknown,23, write_cmd,0,3664964584,2M,out,client
NMF26X.J320VVRS2BRA2, OPSS28.85-17-6, unknown, unknown, unknown,23, write_cmd,0,3665490574,2M,out,client
NMF26X.J320VVRS2BRA2, OPSS28.85-17-6, unknown, unknown, unknown,23, write_cmd,0,3665951511,2M,out,client
NMF26X.J320VVRS2BRA2, OPSS28.85-17-6, unknown, unknown, unknown,23, write_cmd,0,3705798390,2M,out,client
NMF26X.J320VVRS2BRA2, OPSS28.85-17-6, unknown, unknown, unknown,23, write_cmd,0,3706469745,2M,out,client
NMF26X.J320VVRS2BRA2, OPSS28.85-17-6, unknown, unknown, unknown,23, write_cmd,0,3706930057,2M,out,client
NMF26X.J320VVRS2BRA2, OPSS28.85-17-6, unknown, unknown, unknown,23, write_cmd,0,3707541984,2M,out,client
NMF26X.J320VVRS2BRA2, OPSS28.85-17-6, unknown, unknown, unknown,23, write_cmd,0,3707965370,2M,out,client
