client_device_id, server_device_id, phone_vendor, bt_version, bt_vendor, mtu, comm_method, conn_int, latency_op_return,wifi_rate,wifi_dir,wifi_target
QP1A.191105.004, OPSS28.85-17-6, unknown, unknown, unknown,23, write_cmd,0,5469480,8K,in,client
QP1A.191105.004, OPSS28.85-17-6, unknown, unknown, unknown,23, write_cmd,0,4568750,8K,in,client
QP1A.191105.004, OPSS28.85-17-6, unknown, unknown, unknown,23, write_cmd,0,1991459,8K,in,client
QP1A.191105.004, OPSS28.85-17-6, unknown, unknown, unknown,23, write_cmd,0,2172291,8K,in,client
QP1A.191105.004, OPSS28.85-17-6, unknown, unknown, unknown,23, write_cmd,0,2729376,8K,in,client
QP1A.191105.004, OPSS28.85-17-6, unknown, unknown, unknown,23, write_cmd,0,3065105,8K,in,client
QP1A.191105.004, OPSS28.85-17-6, unknown, unknown, unknown,23, write_cmd,0,2664272,8K,in,client
QP1A.191105.004, OPSS28.85-17-6, unknown, unknown, unknown,23, write_cmd,0,2860885,8K,in,client
QP1A.191105.004, OPSS28.85-17-6, unknown, unknown, unknown,23, write_cmd,0,2811563,8K,in,client
QP1A.191105.004, OPSS28.85-17-6, unknown, unknown, unknown,23, write_cmd,0,2756667,8K,in,client
QP1A.191105.004, OPSS28.85-17-6, unknown, unknown, unknown,23, write_cmd,0,1721250,8K,in,client
QP1A.191105.004, OPSS28.85-17-6, unknown, unknown, unknown,23, write_cmd,0,2231771,8K,in,client
QP1A.191105.004, OPSS28.85-17-6, unknown, unknown, unknown,23, write_cmd,0,1816042,8K,in,client
QP1A.191105.004, OPSS28.85-17-6, unknown, unknown, unknown,23, write_cmd,0,2729115,8K,in,client
QP1A.191105.004, OPSS28.85-17-6, unknown, unknown, unknown,23, write_cmd,0,2976875,8K,in,client
QP1A.191105.004, OPSS28.85-17-6, unknown, unknown, unknown,23, write_cmd,0,3025938,8K,in,client
QP1A.191105.004, OPSS28.85-17-6, unknown, unknown, unknown,23, write_cmd,0,5297449,8K,in,client
QP1A.191105.004, OPSS28.85-17-6, unknown, unknown, unknown,23, write_cmd,0,1479010,8K,in,client
QP1A.191105.004, OPSS28.85-17-6, unknown, unknown, unknown,23, write_cmd,0,1330469,8K,in,client
QP1A.191105.004, OPSS28.85-17-6, unknown, unknown, unknown,23, write_cmd,0,1625469,8K,in,client
QP1A.191105.004, OPSS28.85-17-6, unknown, unknown, unknown,23, write_cmd,0,1538437,8K,in,client
QP1A.191105.004, OPSS28.85-17-6, unknown, unknown, unknown,23, write_cmd,0,2362291,8K,in,client
QP1A.191105.004, OPSS28.85-17-6, unknown, unknown, unknown,23, write_cmd,0,1691615,8K,in,client
QP1A.191105.004, OPSS28.85-17-6, unknown, unknown, unknown,23, write_cmd,0,1071927,8K,in,client
QP1A.191105.004, OPSS28.85-17-6, unknown, unknown, unknown,23, write_cmd,0,1193385,8K,in,client
QP1A.191105.004, OPSS28.85-17-6, unknown, unknown, unknown,23, write_cmd,0,842761,8K,in,client
QP1A.191105.004, OPSS28.85-17-6, unknown, unknown, unknown,23, write_cmd,0,917813,8K,in,client
QP1A.191105.004, OPSS28.85-17-6, unknown, unknown, unknown,23, write_cmd,0,1225261,8K,in,client
QP1A.191105.004, OPSS28.85-17-6, unknown, unknown, unknown,23, write_cmd,0,851511,8K,in,client
QP1A.191105.004, OPSS28.85-17-6, unknown, unknown, unknown,23, write_cmd,0,1141407,8K,in,client
QP1A.191105.004, OPSS28.85-17-6, unknown, unknown, unknown,23, write_cmd,0,991875,8K,in,client
QP1A.191105.004, OPSS28.85-17-6, unknown, unknown, unknown,23, write_cmd,0,1421719,8K,in,client
QP1A.191105.004, OPSS28.85-17-6, unknown, unknown, unknown,23, write_cmd,0,1015937,8K,in,client
QP1A.191105.004, OPSS28.85-17-6, unknown, unknown, unknown,23, write_cmd,0,1830209,8K,in,client
QP1A.191105.004, OPSS28.85-17-6, unknown, unknown, unknown,23, write_cmd,0,1755000,8K,in,client
QP1A.191105.004, OPSS28.85-17-6, unknown, unknown, unknown,23, write_cmd,0,1137291,8K,in,client
QP1A.191105.004, OPSS28.85-17-6, unknown, unknown, unknown,23, write_cmd,0,823541,8K,in,client
QP1A.191105.004, OPSS28.85-17-6, unknown, unknown, unknown,23, write_cmd,0,720312,8K,in,client
QP1A.191105.004, OPSS28.85-17-6, unknown, unknown, unknown,23, write_cmd,0,737292,8K,in,client
QP1A.191105.004, OPSS28.85-17-6, unknown, unknown, unknown,23, write_cmd,0,716198,8K,in,client
QP1A.191105.004, OPSS28.85-17-6, unknown, unknown, unknown,23, write_cmd,0,803385,8K,in,client
QP1A.191105.004, OPSS28.85-17-6, unknown, unknown, unknown,23, write_cmd,0,990260,8K,in,client
QP1A.191105.004, OPSS28.85-17-6, unknown, unknown, unknown,23, write_cmd,0,996614,8K,in,client
QP1A.191105.004, OPSS28.85-17-6, unknown, unknown, unknown,23, write_cmd,0,870521,8K,in,client
QP1A.191105.004, OPSS28.85-17-6, unknown, unknown, unknown,23, write_cmd,0,907136,8K,in,client
QP1A.191105.004, OPSS28.85-17-6, unknown, unknown, unknown,23, write_cmd,0,796355,8K,in,client
QP1A.191105.004, OPSS28.85-17-6, unknown, unknown, unknown,23, write_cmd,0,1437604,8K,in,client
QP1A.191105.004, OPSS28.85-17-6, unknown, unknown, unknown,23, write_cmd,0,1168438,8K,in,client
QP1A.191105.004, OPSS28.85-17-6, unknown, unknown, unknown,23, write_cmd,0,743490,8K,in,client
QP1A.191105.004, OPSS28.85-17-6, unknown, unknown, unknown,23, write_cmd,0,640678,8K,in,client
QP1A.191105.004, OPSS28.85-17-6, unknown, unknown, unknown,23, write_cmd,0,570469,8K,in,client
QP1A.191105.004, OPSS28.85-17-6, unknown, unknown, unknown,23, write_cmd,0,549792,8K,in,client
QP1A.191105.004, OPSS28.85-17-6, unknown, unknown, unknown,23, write_cmd,0,618281,8K,in,client
QP1A.191105.004, OPSS28.85-17-6, unknown, unknown, unknown,23, write_cmd,0,886198,8K,in,client
QP1A.191105.004, OPSS28.85-17-6, unknown, unknown, unknown,23, write_cmd,0,636771,8K,in,client
QP1A.191105.004, OPSS28.85-17-6, unknown, unknown, unknown,23, write_cmd,0,688489,8K,in,client
QP1A.191105.004, OPSS28.85-17-6, unknown, unknown, unknown,23, write_cmd,0,588437,8K,in,client
QP1A.191105.004, OPSS28.85-17-6, unknown, unknown, unknown,23, write_cmd,0,557448,8K,in,client
QP1A.191105.004, OPSS28.85-17-6, unknown, unknown, unknown,23, write_cmd,0,564166,8K,in,client
QP1A.191105.004, OPSS28.85-17-6, unknown, unknown, unknown,23, write_cmd,0,680729,8K,in,client
QP1A.191105.004, OPSS28.85-17-6, unknown, unknown, unknown,23, write_cmd,0,590521,8K,in,client
QP1A.191105.004, OPSS28.85-17-6, unknown, unknown, unknown,23, write_cmd,0,781615,8K,in,client
QP1A.191105.004, OPSS28.85-17-6, unknown, unknown, unknown,23, write_cmd,0,855417,8K,in,client
QP1A.191105.004, OPSS28.85-17-6, unknown, unknown, unknown,23, write_cmd,0,1330156,8K,in,client
QP1A.191105.004, OPSS28.85-17-6, unknown, unknown, unknown,23, write_cmd,0,541406,8K,in,client
QP1A.191105.004, OPSS28.85-17-6, unknown, unknown, unknown,23, write_cmd,0,1613281,8K,in,client
QP1A.191105.004, OPSS28.85-17-6, unknown, unknown, unknown,23, write_cmd,0,524115,8K,in,client
QP1A.191105.004, OPSS28.85-17-6, unknown, unknown, unknown,23, write_cmd,0,490052,8K,in,client
QP1A.191105.004, OPSS28.85-17-6, unknown, unknown, unknown,23, write_cmd,0,478282,8K,in,client
QP1A.191105.004, OPSS28.85-17-6, unknown, unknown, unknown,23, write_cmd,0,1017709,8K,in,client
QP1A.191105.004, OPSS28.85-17-6, unknown, unknown, unknown,23, write_cmd,0,517083,8K,in,client
QP1A.191105.004, OPSS28.85-17-6, unknown, unknown, unknown,23, write_cmd,0,486094,8K,in,client
QP1A.191105.004, OPSS28.85-17-6, unknown, unknown, unknown,23, write_cmd,0,466823,8K,in,client
QP1A.191105.004, OPSS28.85-17-6, unknown, unknown, unknown,23, write_cmd,0,1035104,8K,in,client
QP1A.191105.004, OPSS28.85-17-6, unknown, unknown, unknown,23, write_cmd,0,538646,8K,in,client
QP1A.191105.004, OPSS28.85-17-6, unknown, unknown, unknown,23, write_cmd,0,480052,8K,in,client
QP1A.191105.004, OPSS28.85-17-6, unknown, unknown, unknown,23, write_cmd,0,930052,8K,in,client
QP1A.191105.004, OPSS28.85-17-6, unknown, unknown, unknown,23, write_cmd,0,520989,8K,in,client
QP1A.191105.004, OPSS28.85-17-6, unknown, unknown, unknown,23, write_cmd,0,421823,8K,in,client
QP1A.191105.004, OPSS28.85-17-6, unknown, unknown, unknown,23, write_cmd,0,539740,8K,in,client
QP1A.191105.004, OPSS28.85-17-6, unknown, unknown, unknown,23, write_cmd,0,556511,8K,in,client
QP1A.191105.004, OPSS28.85-17-6, unknown, unknown, unknown,23, write_cmd,0,478802,8K,in,client
QP1A.191105.004, OPSS28.85-17-6, unknown, unknown, unknown,23, write_cmd,0,505937,8K,in,client
QP1A.191105.004, OPSS28.85-17-6, unknown, unknown, unknown,23, write_cmd,0,573802,8K,in,client
QP1A.191105.004, OPSS28.85-17-6, unknown, unknown, unknown,23, write_cmd,0,920834,8K,in,client
QP1A.191105.004, OPSS28.85-17-6, unknown, unknown, unknown,23, write_cmd,0,808750,8K,in,client
QP1A.191105.004, OPSS28.85-17-6, unknown, unknown, unknown,23, write_cmd,0,1312344,8K,in,client
QP1A.191105.004, OPSS28.85-17-6, unknown, unknown, unknown,23, write_cmd,0,809166,8K,in,client
QP1A.191105.004, OPSS28.85-17-6, unknown, unknown, unknown,23, write_cmd,0,589948,8K,in,client
QP1A.191105.004, OPSS28.85-17-6, unknown, unknown, unknown,23, write_cmd,0,543021,8K,in,client
QP1A.191105.004, OPSS28.85-17-6, unknown, unknown, unknown,23, write_cmd,0,538177,8K,in,client
QP1A.191105.004, OPSS28.85-17-6, unknown, unknown, unknown,23, write_cmd,0,569063,8K,in,client
QP1A.191105.004, OPSS28.85-17-6, unknown, unknown, unknown,23, write_cmd,0,542187,8K,in,client
QP1A.191105.004, OPSS28.85-17-6, unknown, unknown, unknown,23, write_cmd,0,799740,8K,in,client
QP1A.191105.004, OPSS28.85-17-6, unknown, unknown, unknown,23, write_cmd,0,544791,8K,in,client
QP1A.191105.004, OPSS28.85-17-6, unknown, unknown, unknown,23, write_cmd,0,535313,8K,in,client
QP1A.191105.004, OPSS28.85-17-6, unknown, unknown, unknown,23, write_cmd,0,555885,8K,in,client
QP1A.191105.004, OPSS28.85-17-6, unknown, unknown, unknown,23, write_cmd,0,639896,8K,in,client
QP1A.191105.004, OPSS28.85-17-6, unknown, unknown, unknown,23, write_cmd,0,554479,8K,in,client
QP1A.191105.004, OPSS28.85-17-6, unknown, unknown, unknown,23, write_cmd,0,579323,8K,in,client
QP1A.191105.004, OPSS28.85-17-6, unknown, unknown, unknown,23, write_cmd,0,602135,8K,in,client
QP1A.191105.004, OPSS28.85-17-6, unknown, unknown, unknown,23, write_cmd,0,622084,8K,in,client
QP1A.191105.004, OPSS28.85-17-6, unknown, unknown, unknown,23, write_cmd,0,984896,8K,in,client
QP1A.191105.004, OPSS28.85-17-6, unknown, unknown, unknown,23, write_cmd,0,673438,8K,in,client
QP1A.191105.004, OPSS28.85-17-6, unknown, unknown, unknown,23, write_cmd,0,737969,8K,in,client
QP1A.191105.004, OPSS28.85-17-6, unknown, unknown, unknown,23, write_cmd,0,778802,8K,in,client
QP1A.191105.004, OPSS28.85-17-6, unknown, unknown, unknown,23, write_cmd,0,775104,8K,in,client
QP1A.191105.004, OPSS28.85-17-6, unknown, unknown, unknown,23, write_cmd,0,850990,8K,in,client
QP1A.191105.004, OPSS28.85-17-6, unknown, unknown, unknown,23, write_cmd,0,747031,8K,in,client
QP1A.191105.004, OPSS28.85-17-6, unknown, unknown, unknown,23, write_cmd,0,598334,8K,in,client
QP1A.191105.004, OPSS28.85-17-6, unknown, unknown, unknown,23, write_cmd,0,479583,8K,in,client
QP1A.191105.004, OPSS28.85-17-6, unknown, unknown, unknown,23, write_cmd,0,484479,8K,in,client
QP1A.191105.004, OPSS28.85-17-6, unknown, unknown, unknown,23, write_cmd,0,536354,8K,in,client
QP1A.191105.004, OPSS28.85-17-6, unknown, unknown, unknown,23, write_cmd,0,826563,8K,in,client
QP1A.191105.004, OPSS28.85-17-6, unknown, unknown, unknown,23, write_cmd,0,507865,8K,in,client
QP1A.191105.004, OPSS28.85-17-6, unknown, unknown, unknown,23, write_cmd,0,547083,8K,in,client
QP1A.191105.004, OPSS28.85-17-6, unknown, unknown, unknown,23, write_cmd,0,614688,8K,in,client
QP1A.191105.004, OPSS28.85-17-6, unknown, unknown, unknown,23, write_cmd,0,490834,8K,in,client
QP1A.191105.004, OPSS28.85-17-6, unknown, unknown, unknown,23, write_cmd,0,478229,8K,in,client
QP1A.191105.004, OPSS28.85-17-6, unknown, unknown, unknown,23, write_cmd,0,708125,8K,in,client
QP1A.191105.004, OPSS28.85-17-6, unknown, unknown, unknown,23, write_cmd,0,480104,8K,in,client
QP1A.191105.004, OPSS28.85-17-6, unknown, unknown, unknown,23, write_cmd,0,521927,8K,in,client
QP1A.191105.004, OPSS28.85-17-6, unknown, unknown, unknown,23, write_cmd,0,482136,8K,in,client
QP1A.191105.004, OPSS28.85-17-6, unknown, unknown, unknown,23, write_cmd,0,490989,8K,in,client
QP1A.191105.004, OPSS28.85-17-6, unknown, unknown, unknown,23, write_cmd,0,531823,8K,in,client
QP1A.191105.004, OPSS28.85-17-6, unknown, unknown, unknown,23, write_cmd,0,595677,8K,in,client
QP1A.191105.004, OPSS28.85-17-6, unknown, unknown, unknown,23, write_cmd,0,650260,8K,in,client
QP1A.191105.004, OPSS28.85-17-6, unknown, unknown, unknown,23, write_cmd,0,813646,8K,in,client
QP1A.191105.004, OPSS28.85-17-6, unknown, unknown, unknown,23, write_cmd,0,874479,8K,in,client
QP1A.191105.004, OPSS28.85-17-6, unknown, unknown, unknown,23, write_cmd,0,888906,8K,in,client
QP1A.191105.004, OPSS28.85-17-6, unknown, unknown, unknown,23, write_cmd,0,976562,8K,in,client
QP1A.191105.004, OPSS28.85-17-6, unknown, unknown, unknown,23, write_cmd,0,572969,8K,in,client
QP1A.191105.004, OPSS28.85-17-6, unknown, unknown, unknown,23, write_cmd,0,521823,8K,in,client
QP1A.191105.004, OPSS28.85-17-6, unknown, unknown, unknown,23, write_cmd,0,919480,8K,in,client
QP1A.191105.004, OPSS28.85-17-6, unknown, unknown, unknown,23, write_cmd,0,683073,8K,in,client
QP1A.191105.004, OPSS28.85-17-6, unknown, unknown, unknown,23, write_cmd,0,607500,8K,in,client
QP1A.191105.004, OPSS28.85-17-6, unknown, unknown, unknown,23, write_cmd,0,887552,8K,in,client
QP1A.191105.004, OPSS28.85-17-6, unknown, unknown, unknown,23, write_cmd,0,652396,8K,in,client
QP1A.191105.004, OPSS28.85-17-6, unknown, unknown, unknown,23, write_cmd,0,851563,8K,in,client
QP1A.191105.004, OPSS28.85-17-6, unknown, unknown, unknown,23, write_cmd,0,860937,8K,in,client
QP1A.191105.004, OPSS28.85-17-6, unknown, unknown, unknown,23, write_cmd,0,732709,8K,in,client
QP1A.191105.004, OPSS28.85-17-6, unknown, unknown, unknown,23, write_cmd,0,485729,8K,in,client
QP1A.191105.004, OPSS28.85-17-6, unknown, unknown, unknown,23, write_cmd,0,671510,8K,in,client
QP1A.191105.004, OPSS28.85-17-6, unknown, unknown, unknown,23, write_cmd,0,601354,8K,in,client
QP1A.191105.004, OPSS28.85-17-6, unknown, unknown, unknown,23, write_cmd,0,1401979,8K,in,client
QP1A.191105.004, OPSS28.85-17-6, unknown, unknown, unknown,23, write_cmd,0,522709,8K,in,client
QP1A.191105.004, OPSS28.85-17-6, unknown, unknown, unknown,23, write_cmd,0,1351771,8K,in,client
QP1A.191105.004, OPSS28.85-17-6, unknown, unknown, unknown,23, write_cmd,0,526146,8K,in,client
QP1A.191105.004, OPSS28.85-17-6, unknown, unknown, unknown,23, write_cmd,0,544115,8K,in,client
QP1A.191105.004, OPSS28.85-17-6, unknown, unknown, unknown,23, write_cmd,0,602760,8K,in,client
QP1A.191105.004, OPSS28.85-17-6, unknown, unknown, unknown,23, write_cmd,0,522501,8K,in,client
QP1A.191105.004, OPSS28.85-17-6, unknown, unknown, unknown,23, write_cmd,0,490260,8K,in,client
QP1A.191105.004, OPSS28.85-17-6, unknown, unknown, unknown,23, write_cmd,0,554010,8K,in,client
QP1A.191105.004, OPSS28.85-17-6, unknown, unknown, unknown,23, write_cmd,0,566875,8K,in,client
QP1A.191105.004, OPSS28.85-17-6, unknown, unknown, unknown,23, write_cmd,0,771718,8K,in,client
QP1A.191105.004, OPSS28.85-17-6, unknown, unknown, unknown,23, write_cmd,0,541250,8K,in,client
QP1A.191105.004, OPSS28.85-17-6, unknown, unknown, unknown,23, write_cmd,0,553125,8K,in,client
QP1A.191105.004, OPSS28.85-17-6, unknown, unknown, unknown,23, write_cmd,0,468021,8K,in,client
QP1A.191105.004, OPSS28.85-17-6, unknown, unknown, unknown,23, write_cmd,0,462813,8K,in,client
QP1A.191105.004, OPSS28.85-17-6, unknown, unknown, unknown,23, write_cmd,0,421198,8K,in,client
QP1A.191105.004, OPSS28.85-17-6, unknown, unknown, unknown,23, write_cmd,0,747187,8K,in,client
QP1A.191105.004, OPSS28.85-17-6, unknown, unknown, unknown,23, write_cmd,0,520729,8K,in,client
QP1A.191105.004, OPSS28.85-17-6, unknown, unknown, unknown,23, write_cmd,0,422969,8K,in,client
QP1A.191105.004, OPSS28.85-17-6, unknown, unknown, unknown,23, write_cmd,0,397344,8K,in,client
QP1A.191105.004, OPSS28.85-17-6, unknown, unknown, unknown,23, write_cmd,0,849948,8K,in,client
QP1A.191105.004, OPSS28.85-17-6, unknown, unknown, unknown,23, write_cmd,0,529740,8K,in,client
QP1A.191105.004, OPSS28.85-17-6, unknown, unknown, unknown,23, write_cmd,0,1007917,8K,in,client
QP1A.191105.004, OPSS28.85-17-6, unknown, unknown, unknown,23, write_cmd,0,523073,8K,in,client
QP1A.191105.004, OPSS28.85-17-6, unknown, unknown, unknown,23, write_cmd,0,506042,8K,in,client
QP1A.191105.004, OPSS28.85-17-6, unknown, unknown, unknown,23, write_cmd,0,476511,8K,in,client
QP1A.191105.004, OPSS28.85-17-6, unknown, unknown, unknown,23, write_cmd,0,463542,8K,in,client
QP1A.191105.004, OPSS28.85-17-6, unknown, unknown, unknown,23, write_cmd,0,393906,8K,in,client
QP1A.191105.004, OPSS28.85-17-6, unknown, unknown, unknown,23, write_cmd,0,393906,8K,in,client
QP1A.191105.004, OPSS28.85-17-6, unknown, unknown, unknown,23, write_cmd,0,1441979,8K,in,client
QP1A.191105.004, OPSS28.85-17-6, unknown, unknown, unknown,23, write_cmd,0,564584,8K,in,client
QP1A.191105.004, OPSS28.85-17-6, unknown, unknown, unknown,23, write_cmd,0,449844,8K,in,client
QP1A.191105.004, OPSS28.85-17-6, unknown, unknown, unknown,23, write_cmd,0,436562,8K,in,client
QP1A.191105.004, OPSS28.85-17-6, unknown, unknown, unknown,23, write_cmd,0,445313,8K,in,client
QP1A.191105.004, OPSS28.85-17-6, unknown, unknown, unknown,23, write_cmd,0,449270,8K,in,client
QP1A.191105.004, OPSS28.85-17-6, unknown, unknown, unknown,23, write_cmd,0,442916,8K,in,client
QP1A.191105.004, OPSS28.85-17-6, unknown, unknown, unknown,23, write_cmd,0,446771,8K,in,client
QP1A.191105.004, OPSS28.85-17-6, unknown, unknown, unknown,23, write_cmd,0,645990,8K,in,client
QP1A.191105.004, OPSS28.85-17-6, unknown, unknown, unknown,23, write_cmd,0,535416,8K,in,client
QP1A.191105.004, OPSS28.85-17-6, unknown, unknown, unknown,23, write_cmd,0,433073,8K,in,client
QP1A.191105.004, OPSS28.85-17-6, unknown, unknown, unknown,23, write_cmd,0,495052,8K,in,client
QP1A.191105.004, OPSS28.85-17-6, unknown, unknown, unknown,23, write_cmd,0,437760,8K,in,client
QP1A.191105.004, OPSS28.85-17-6, unknown, unknown, unknown,23, write_cmd,0,438958,8K,in,client
QP1A.191105.004, OPSS28.85-17-6, unknown, unknown, unknown,23, write_cmd,0,506094,8K,in,client
QP1A.191105.004, OPSS28.85-17-6, unknown, unknown, unknown,23, write_cmd,0,465156,8K,in,client
QP1A.191105.004, OPSS28.85-17-6, unknown, unknown, unknown,23, write_cmd,0,575677,8K,in,client
QP1A.191105.004, OPSS28.85-17-6, unknown, unknown, unknown,23, write_cmd,0,571198,8K,in,client
QP1A.191105.004, OPSS28.85-17-6, unknown, unknown, unknown,23, write_cmd,0,488073,8K,in,client
QP1A.191105.004, OPSS28.85-17-6, unknown, unknown, unknown,23, write_cmd,0,458906,8K,in,client
QP1A.191105.004, OPSS28.85-17-6, unknown, unknown, unknown,23, write_cmd,0,535261,8K,in,client
QP1A.191105.004, OPSS28.85-17-6, unknown, unknown, unknown,23, write_cmd,0,579010,8K,in,client
QP1A.191105.004, OPSS28.85-17-6, unknown, unknown, unknown,23, write_cmd,0,618854,8K,in,client
QP1A.191105.004, OPSS28.85-17-6, unknown, unknown, unknown,23, write_cmd,0,604427,8K,in,client
QP1A.191105.004, OPSS28.85-17-6, unknown, unknown, unknown,23, write_cmd,0,613334,8K,in,client
QP1A.191105.004, OPSS28.85-17-6, unknown, unknown, unknown,23, write_cmd,0,756406,8K,in,client
QP1A.191105.004, OPSS28.85-17-6, unknown, unknown, unknown,23, write_cmd,0,958802,8K,in,client
QP1A.191105.004, OPSS28.85-17-6, unknown, unknown, unknown,23, write_cmd,0,741354,8K,in,client
QP1A.191105.004, OPSS28.85-17-6, unknown, unknown, unknown,23, write_cmd,0,435312,8K,in,client
QP1A.191105.004, OPSS28.85-17-6, unknown, unknown, unknown,23, write_cmd,0,412240,8K,in,client
QP1A.191105.004, OPSS28.85-17-6, unknown, unknown, unknown,23, write_cmd,0,391719,8K,in,client
QP1A.191105.004, OPSS28.85-17-6, unknown, unknown, unknown,23, write_cmd,0,412709,8K,in,client
QP1A.191105.004, OPSS28.85-17-6, unknown, unknown, unknown,23, write_cmd,0,413282,8K,in,client
QP1A.191105.004, OPSS28.85-17-6, unknown, unknown, unknown,23, write_cmd,0,474375,8K,in,client
QP1A.191105.004, OPSS28.85-17-6, unknown, unknown, unknown,23, write_cmd,0,396093,8K,in,client
QP1A.191105.004, OPSS28.85-17-6, unknown, unknown, unknown,23, write_cmd,0,396510,8K,in,client
QP1A.191105.004, OPSS28.85-17-6, unknown, unknown, unknown,23, write_cmd,0,394375,8K,in,client
QP1A.191105.004, OPSS28.85-17-6, unknown, unknown, unknown,23, write_cmd,0,393958,8K,in,client
QP1A.191105.004, OPSS28.85-17-6, unknown, unknown, unknown,23, write_cmd,0,394428,8K,in,client
QP1A.191105.004, OPSS28.85-17-6, unknown, unknown, unknown,23, write_cmd,0,402657,8K,in,client
QP1A.191105.004, OPSS28.85-17-6, unknown, unknown, unknown,23, write_cmd,0,410729,8K,in,client
QP1A.191105.004, OPSS28.85-17-6, unknown, unknown, unknown,23, write_cmd,0,402083,8K,in,client
QP1A.191105.004, OPSS28.85-17-6, unknown, unknown, unknown,23, write_cmd,0,396511,8K,in,client
QP1A.191105.004, OPSS28.85-17-6, unknown, unknown, unknown,23, write_cmd,0,417031,8K,in,client
QP1A.191105.004, OPSS28.85-17-6, unknown, unknown, unknown,23, write_cmd,0,404895,8K,in,client
QP1A.191105.004, OPSS28.85-17-6, unknown, unknown, unknown,23, write_cmd,0,401875,8K,in,client
QP1A.191105.004, OPSS28.85-17-6, unknown, unknown, unknown,23, write_cmd,0,464583,8K,in,client
QP1A.191105.004, OPSS28.85-17-6, unknown, unknown, unknown,23, write_cmd,0,585364,8K,in,client
QP1A.191105.004, OPSS28.85-17-6, unknown, unknown, unknown,23, write_cmd,0,405053,8K,in,client
QP1A.191105.004, OPSS28.85-17-6, unknown, unknown, unknown,23, write_cmd,0,717969,8K,in,client
QP1A.191105.004, OPSS28.85-17-6, unknown, unknown, unknown,23, write_cmd,0,558281,8K,in,client
QP1A.191105.004, OPSS28.85-17-6, unknown, unknown, unknown,23, write_cmd,0,406198,8K,in,client
QP1A.191105.004, OPSS28.85-17-6, unknown, unknown, unknown,23, write_cmd,0,430104,8K,in,client
QP1A.191105.004, OPSS28.85-17-6, unknown, unknown, unknown,23, write_cmd,0,384115,8K,in,client
QP1A.191105.004, OPSS28.85-17-6, unknown, unknown, unknown,23, write_cmd,0,379636,8K,in,client
QP1A.191105.004, OPSS28.85-17-6, unknown, unknown, unknown,23, write_cmd,0,534843,8K,in,client
QP1A.191105.004, OPSS28.85-17-6, unknown, unknown, unknown,23, write_cmd,0,405313,8K,in,client
QP1A.191105.004, OPSS28.85-17-6, unknown, unknown, unknown,23, write_cmd,0,683750,8K,in,client
QP1A.191105.004, OPSS28.85-17-6, unknown, unknown, unknown,23, write_cmd,0,919687,8K,in,client
QP1A.191105.004, OPSS28.85-17-6, unknown, unknown, unknown,23, write_cmd,0,445573,8K,in,client
QP1A.191105.004, OPSS28.85-17-6, unknown, unknown, unknown,23, write_cmd,0,406719,8K,in,client
QP1A.191105.004, OPSS28.85-17-6, unknown, unknown, unknown,23, write_cmd,0,385677,8K,in,client
QP1A.191105.004, OPSS28.85-17-6, unknown, unknown, unknown,23, write_cmd,0,377292,8K,in,client
QP1A.191105.004, OPSS28.85-17-6, unknown, unknown, unknown,23, write_cmd,0,462188,8K,in,client
QP1A.191105.004, OPSS28.85-17-6, unknown, unknown, unknown,23, write_cmd,0,413489,8K,in,client
QP1A.191105.004, OPSS28.85-17-6, unknown, unknown, unknown,23, write_cmd,0,408907,8K,in,client
QP1A.191105.004, OPSS28.85-17-6, unknown, unknown, unknown,23, write_cmd,0,387969,8K,in,client
QP1A.191105.004, OPSS28.85-17-6, unknown, unknown, unknown,23, write_cmd,0,476770,8K,in,client
QP1A.191105.004, OPSS28.85-17-6, unknown, unknown, unknown,23, write_cmd,0,395573,8K,in,client
QP1A.191105.004, OPSS28.85-17-6, unknown, unknown, unknown,23, write_cmd,0,770573,8K,in,client
QP1A.191105.004, OPSS28.85-17-6, unknown, unknown, unknown,23, write_cmd,0,429479,8K,in,client
QP1A.191105.004, OPSS28.85-17-6, unknown, unknown, unknown,23, write_cmd,0,393698,8K,in,client
QP1A.191105.004, OPSS28.85-17-6, unknown, unknown, unknown,23, write_cmd,0,390886,8K,in,client
QP1A.191105.004, OPSS28.85-17-6, unknown, unknown, unknown,23, write_cmd,0,546615,8K,in,client
QP1A.191105.004, OPSS28.85-17-6, unknown, unknown, unknown,23, write_cmd,0,379740,8K,in,client
QP1A.191105.004, OPSS28.85-17-6, unknown, unknown, unknown,23, write_cmd,0,387448,8K,in,client
QP1A.191105.004, OPSS28.85-17-6, unknown, unknown, unknown,23, write_cmd,0,394740,8K,in,client
QP1A.191105.004, OPSS28.85-17-6, unknown, unknown, unknown,23, write_cmd,0,392917,8K,in,client
QP1A.191105.004, OPSS28.85-17-6, unknown, unknown, unknown,23, write_cmd,0,378229,8K,in,client
QP1A.191105.004, OPSS28.85-17-6, unknown, unknown, unknown,23, write_cmd,0,381458,8K,in,client
QP1A.191105.004, OPSS28.85-17-6, unknown, unknown, unknown,23, write_cmd,0,382760,8K,in,client
QP1A.191105.004, OPSS28.85-17-6, unknown, unknown, unknown,23, write_cmd,0,372604,8K,in,client
QP1A.191105.004, OPSS28.85-17-6, unknown, unknown, unknown,23, write_cmd,0,433437,8K,in,client
QP1A.191105.004, OPSS28.85-17-6, unknown, unknown, unknown,23, write_cmd,0,406718,8K,in,client
QP1A.191105.004, OPSS28.85-17-6, unknown, unknown, unknown,23, write_cmd,0,408333,8K,in,client
QP1A.191105.004, OPSS28.85-17-6, unknown, unknown, unknown,23, write_cmd,0,414531,8K,in,client
QP1A.191105.004, OPSS28.85-17-6, unknown, unknown, unknown,23, write_cmd,0,381511,8K,in,client
QP1A.191105.004, OPSS28.85-17-6, unknown, unknown, unknown,23, write_cmd,0,371771,8K,in,client
QP1A.191105.004, OPSS28.85-17-6, unknown, unknown, unknown,23, write_cmd,0,374427,8K,in,client
QP1A.191105.004, OPSS28.85-17-6, unknown, unknown, unknown,23, write_cmd,0,498802,8K,in,client
QP1A.191105.004, OPSS28.85-17-6, unknown, unknown, unknown,23, write_cmd,0,402552,8K,in,client
QP1A.191105.004, OPSS28.85-17-6, unknown, unknown, unknown,23, write_cmd,0,432812,8K,in,client
QP1A.191105.004, OPSS28.85-17-6, unknown, unknown, unknown,23, write_cmd,0,384532,8K,in,client
QP1A.191105.004, OPSS28.85-17-6, unknown, unknown, unknown,23, write_cmd,0,368021,8K,in,client
QP1A.191105.004, OPSS28.85-17-6, unknown, unknown, unknown,23, write_cmd,0,364687,8K,in,client
QP1A.191105.004, OPSS28.85-17-6, unknown, unknown, unknown,23, write_cmd,0,362865,8K,in,client
QP1A.191105.004, OPSS28.85-17-6, unknown, unknown, unknown,23, write_cmd,0,363073,8K,in,client
QP1A.191105.004, OPSS28.85-17-6, unknown, unknown, unknown,23, write_cmd,0,394844,8K,in,client
QP1A.191105.004, OPSS28.85-17-6, unknown, unknown, unknown,23, write_cmd,0,379323,8K,in,client
QP1A.191105.004, OPSS28.85-17-6, unknown, unknown, unknown,23, write_cmd,0,379635,8K,in,client
QP1A.191105.004, OPSS28.85-17-6, unknown, unknown, unknown,23, write_cmd,0,370729,8K,in,client
QP1A.191105.004, OPSS28.85-17-6, unknown, unknown, unknown,23, write_cmd,0,378542,8K,in,client
QP1A.191105.004, OPSS28.85-17-6, unknown, unknown, unknown,23, write_cmd,0,358229,8K,in,client
QP1A.191105.004, OPSS28.85-17-6, unknown, unknown, unknown,23, write_cmd,0,360312,8K,in,client
QP1A.191105.004, OPSS28.85-17-6, unknown, unknown, unknown,23, write_cmd,0,366302,8K,in,client
QP1A.191105.004, OPSS28.85-17-6, unknown, unknown, unknown,23, write_cmd,0,368646,8K,in,client
QP1A.191105.004, OPSS28.85-17-6, unknown, unknown, unknown,23, write_cmd,0,383125,8K,in,client
QP1A.191105.004, OPSS28.85-17-6, unknown, unknown, unknown,23, write_cmd,0,370469,8K,in,client
QP1A.191105.004, OPSS28.85-17-6, unknown, unknown, unknown,23, write_cmd,0,369011,8K,in,client
QP1A.191105.004, OPSS28.85-17-6, unknown, unknown, unknown,23, write_cmd,0,364896,8K,in,client
QP1A.191105.004, OPSS28.85-17-6, unknown, unknown, unknown,23, write_cmd,0,1312344,8K,in,client
QP1A.191105.004, OPSS28.85-17-6, unknown, unknown, unknown,23, write_cmd,0,373333,8K,in,client
QP1A.191105.004, OPSS28.85-17-6, unknown, unknown, unknown,23, write_cmd,0,413125,8K,in,client
QP1A.191105.004, OPSS28.85-17-6, unknown, unknown, unknown,23, write_cmd,0,398542,8K,in,client
QP1A.191105.004, OPSS28.85-17-6, unknown, unknown, unknown,23, write_cmd,0,370677,8K,in,client
QP1A.191105.004, OPSS28.85-17-6, unknown, unknown, unknown,23, write_cmd,0,370782,8K,in,client
QP1A.191105.004, OPSS28.85-17-6, unknown, unknown, unknown,23, write_cmd,0,369532,8K,in,client
QP1A.191105.004, OPSS28.85-17-6, unknown, unknown, unknown,23, write_cmd,0,370573,8K,in,client
QP1A.191105.004, OPSS28.85-17-6, unknown, unknown, unknown,23, write_cmd,0,372812,8K,in,client
QP1A.191105.004, OPSS28.85-17-6, unknown, unknown, unknown,23, write_cmd,0,394532,8K,in,client
QP1A.191105.004, OPSS28.85-17-6, unknown, unknown, unknown,23, write_cmd,0,379740,8K,in,client
QP1A.191105.004, OPSS28.85-17-6, unknown, unknown, unknown,23, write_cmd,0,372812,8K,in,client
QP1A.191105.004, OPSS28.85-17-6, unknown, unknown, unknown,23, write_cmd,0,371562,8K,in,client
QP1A.191105.004, OPSS28.85-17-6, unknown, unknown, unknown,23, write_cmd,0,368542,8K,in,client
QP1A.191105.004, OPSS28.85-17-6, unknown, unknown, unknown,23, write_cmd,0,369010,8K,in,client
QP1A.191105.004, OPSS28.85-17-6, unknown, unknown, unknown,23, write_cmd,0,370000,8K,in,client
QP1A.191105.004, OPSS28.85-17-6, unknown, unknown, unknown,23, write_cmd,0,365625,8K,in,client
QP1A.191105.004, OPSS28.85-17-6, unknown, unknown, unknown,23, write_cmd,0,468750,8K,in,client
QP1A.191105.004, OPSS28.85-17-6, unknown, unknown, unknown,23, write_cmd,0,597187,8K,in,client
QP1A.191105.004, OPSS28.85-17-6, unknown, unknown, unknown,23, write_cmd,0,357604,8K,in,client
QP1A.191105.004, OPSS28.85-17-6, unknown, unknown, unknown,23, write_cmd,0,318489,8K,in,client
QP1A.191105.004, OPSS28.85-17-6, unknown, unknown, unknown,23, write_cmd,0,314739,8K,in,client
QP1A.191105.004, OPSS28.85-17-6, unknown, unknown, unknown,23, write_cmd,0,364011,8K,in,client
QP1A.191105.004, OPSS28.85-17-6, unknown, unknown, unknown,23, write_cmd,0,662031,8K,in,client
QP1A.191105.004, OPSS28.85-17-6, unknown, unknown, unknown,23, write_cmd,0,487605,8K,in,client
QP1A.191105.004, OPSS28.85-17-6, unknown, unknown, unknown,23, write_cmd,0,448542,8K,in,client
QP1A.191105.004, OPSS28.85-17-6, unknown, unknown, unknown,23, write_cmd,0,369844,8K,in,client
QP1A.191105.004, OPSS28.85-17-6, unknown, unknown, unknown,23, write_cmd,0,384323,8K,in,client
QP1A.191105.004, OPSS28.85-17-6, unknown, unknown, unknown,23, write_cmd,0,411927,8K,in,client
QP1A.191105.004, OPSS28.85-17-6, unknown, unknown, unknown,23, write_cmd,0,360885,8K,in,client
QP1A.191105.004, OPSS28.85-17-6, unknown, unknown, unknown,23, write_cmd,0,346198,8K,in,client
QP1A.191105.004, OPSS28.85-17-6, unknown, unknown, unknown,23, write_cmd,0,359167,8K,in,client
QP1A.191105.004, OPSS28.85-17-6, unknown, unknown, unknown,23, write_cmd,0,403021,8K,in,client
QP1A.191105.004, OPSS28.85-17-6, unknown, unknown, unknown,23, write_cmd,0,359479,8K,in,client
QP1A.191105.004, OPSS28.85-17-6, unknown, unknown, unknown,23, write_cmd,0,307793051,8K,in,client
QP1A.191105.004, OPSS28.85-17-6, unknown, unknown, unknown,23, write_cmd,0,5024376,8K,in,client
QP1A.191105.004, OPSS28.85-17-6, unknown, unknown, unknown,23, write_cmd,0,1783803,8K,in,client
QP1A.191105.004, OPSS28.85-17-6, unknown, unknown, unknown,23, write_cmd,0,1231094,8K,in,client
QP1A.191105.004, OPSS28.85-17-6, unknown, unknown, unknown,23, write_cmd,0,1495677,8K,in,client
QP1A.191105.004, OPSS28.85-17-6, unknown, unknown, unknown,23, write_cmd,0,1087292,8K,in,client
QP1A.191105.004, OPSS28.85-17-6, unknown, unknown, unknown,23, write_cmd,0,1318594,8K,in,client
QP1A.191105.004, OPSS28.85-17-6, unknown, unknown, unknown,23, write_cmd,0,1032084,8K,in,client
QP1A.191105.004, OPSS28.85-17-6, unknown, unknown, unknown,23, write_cmd,0,1034428,8K,in,client
QP1A.191105.004, OPSS28.85-17-6, unknown, unknown, unknown,23, write_cmd,0,1114896,8K,in,client
QP1A.191105.004, OPSS28.85-17-6, unknown, unknown, unknown,23, write_cmd,0,1017656,8K,in,client
QP1A.191105.004, OPSS28.85-17-6, unknown, unknown, unknown,23, write_cmd,0,1004948,8K,in,client
QP1A.191105.004, OPSS28.85-17-6, unknown, unknown, unknown,23, write_cmd,0,1018073,8K,in,client
QP1A.191105.004, OPSS28.85-17-6, unknown, unknown, unknown,23, write_cmd,0,1008386,8K,in,client
QP1A.191105.004, OPSS28.85-17-6, unknown, unknown, unknown,23, write_cmd,0,1077031,8K,in,client
QP1A.191105.004, OPSS28.85-17-6, unknown, unknown, unknown,23, write_cmd,0,890521,8K,in,client
QP1A.191105.004, OPSS28.85-17-6, unknown, unknown, unknown,23, write_cmd,0,1200365,8K,in,client
QP1A.191105.004, OPSS28.85-17-6, unknown, unknown, unknown,23, write_cmd,0,2101875,8K,in,client
QP1A.191105.004, OPSS28.85-17-6, unknown, unknown, unknown,23, write_cmd,0,686354,8K,in,client
QP1A.191105.004, OPSS28.85-17-6, unknown, unknown, unknown,23, write_cmd,0,650001,8K,in,client
QP1A.191105.004, OPSS28.85-17-6, unknown, unknown, unknown,23, write_cmd,0,605625,8K,in,client
QP1A.191105.004, OPSS28.85-17-6, unknown, unknown, unknown,23, write_cmd,0,647708,8K,in,client
QP1A.191105.004, OPSS28.85-17-6, unknown, unknown, unknown,23, write_cmd,0,586667,8K,in,client
QP1A.191105.004, OPSS28.85-17-6, unknown, unknown, unknown,23, write_cmd,0,625156,8K,in,client
QP1A.191105.004, OPSS28.85-17-6, unknown, unknown, unknown,23, write_cmd,0,628125,8K,in,client
QP1A.191105.004, OPSS28.85-17-6, unknown, unknown, unknown,23, write_cmd,0,602083,8K,in,client
QP1A.191105.004, OPSS28.85-17-6, unknown, unknown, unknown,23, write_cmd,0,582813,8K,in,client
QP1A.191105.004, OPSS28.85-17-6, unknown, unknown, unknown,23, write_cmd,0,583750,8K,in,client
QP1A.191105.004, OPSS28.85-17-6, unknown, unknown, unknown,23, write_cmd,0,649218,8K,in,client
QP1A.191105.004, OPSS28.85-17-6, unknown, unknown, unknown,23, write_cmd,0,591146,8K,in,client
QP1A.191105.004, OPSS28.85-17-6, unknown, unknown, unknown,23, write_cmd,0,583438,8K,in,client
QP1A.191105.004, OPSS28.85-17-6, unknown, unknown, unknown,23, write_cmd,0,578594,8K,in,client
QP1A.191105.004, OPSS28.85-17-6, unknown, unknown, unknown,23, write_cmd,0,620000,8K,in,client
QP1A.191105.004, OPSS28.85-17-6, unknown, unknown, unknown,23, write_cmd,0,599896,8K,in,client
QP1A.191105.004, OPSS28.85-17-6, unknown, unknown, unknown,23, write_cmd,0,583542,8K,in,client
QP1A.191105.004, OPSS28.85-17-6, unknown, unknown, unknown,23, write_cmd,0,585156,8K,in,client
QP1A.191105.004, OPSS28.85-17-6, unknown, unknown, unknown,23, write_cmd,0,590365,8K,in,client
QP1A.191105.004, OPSS28.85-17-6, unknown, unknown, unknown,23, write_cmd,0,819479,8K,in,client
QP1A.191105.004, OPSS28.85-17-6, unknown, unknown, unknown,23, write_cmd,0,721302,8K,in,client
QP1A.191105.004, OPSS28.85-17-6, unknown, unknown, unknown,23, write_cmd,0,656927,8K,in,client
QP1A.191105.004, OPSS28.85-17-6, unknown, unknown, unknown,23, write_cmd,0,578594,8K,in,client
QP1A.191105.004, OPSS28.85-17-6, unknown, unknown, unknown,23, write_cmd,0,566302,8K,in,client
QP1A.191105.004, OPSS28.85-17-6, unknown, unknown, unknown,23, write_cmd,0,521093,8K,in,client
QP1A.191105.004, OPSS28.85-17-6, unknown, unknown, unknown,23, write_cmd,0,512188,8K,in,client
QP1A.191105.004, OPSS28.85-17-6, unknown, unknown, unknown,23, write_cmd,0,520104,8K,in,client
QP1A.191105.004, OPSS28.85-17-6, unknown, unknown, unknown,23, write_cmd,0,519688,8K,in,client
QP1A.191105.004, OPSS28.85-17-6, unknown, unknown, unknown,23, write_cmd,0,581875,8K,in,client
QP1A.191105.004, OPSS28.85-17-6, unknown, unknown, unknown,23, write_cmd,0,505729,8K,in,client
QP1A.191105.004, OPSS28.85-17-6, unknown, unknown, unknown,23, write_cmd,0,513750,8K,in,client
QP1A.191105.004, OPSS28.85-17-6, unknown, unknown, unknown,23, write_cmd,0,496719,8K,in,client
QP1A.191105.004, OPSS28.85-17-6, unknown, unknown, unknown,23, write_cmd,0,511667,8K,in,client
QP1A.191105.004, OPSS28.85-17-6, unknown, unknown, unknown,23, write_cmd,0,876406,8K,in,client
QP1A.191105.004, OPSS28.85-17-6, unknown, unknown, unknown,23, write_cmd,0,830886,8K,in,client
QP1A.191105.004, OPSS28.85-17-6, unknown, unknown, unknown,23, write_cmd,0,517396,8K,in,client
QP1A.191105.004, OPSS28.85-17-6, unknown, unknown, unknown,23, write_cmd,0,504636,8K,in,client
QP1A.191105.004, OPSS28.85-17-6, unknown, unknown, unknown,23, write_cmd,0,500000,8K,in,client
QP1A.191105.004, OPSS28.85-17-6, unknown, unknown, unknown,23, write_cmd,0,557917,8K,in,client
QP1A.191105.004, OPSS28.85-17-6, unknown, unknown, unknown,23, write_cmd,0,541094,8K,in,client
QP1A.191105.004, OPSS28.85-17-6, unknown, unknown, unknown,23, write_cmd,0,695417,8K,in,client
QP1A.191105.004, OPSS28.85-17-6, unknown, unknown, unknown,23, write_cmd,0,617396,8K,in,client
QP1A.191105.004, OPSS28.85-17-6, unknown, unknown, unknown,23, write_cmd,0,661615,8K,in,client
QP1A.191105.004, OPSS28.85-17-6, unknown, unknown, unknown,23, write_cmd,0,561875,8K,in,client
QP1A.191105.004, OPSS28.85-17-6, unknown, unknown, unknown,23, write_cmd,0,456823,8K,in,client
QP1A.191105.004, OPSS28.85-17-6, unknown, unknown, unknown,23, write_cmd,0,483438,8K,in,client
QP1A.191105.004, OPSS28.85-17-6, unknown, unknown, unknown,23, write_cmd,0,476771,8K,in,client
QP1A.191105.004, OPSS28.85-17-6, unknown, unknown, unknown,23, write_cmd,0,472031,8K,in,client
QP1A.191105.004, OPSS28.85-17-6, unknown, unknown, unknown,23, write_cmd,0,474271,8K,in,client
QP1A.191105.004, OPSS28.85-17-6, unknown, unknown, unknown,23, write_cmd,0,495573,8K,in,client
QP1A.191105.004, OPSS28.85-17-6, unknown, unknown, unknown,23, write_cmd,0,7406407,8K,in,client
QP1A.191105.004, OPSS28.85-17-6, unknown, unknown, unknown,23, write_cmd,0,4508022,8K,in,client
QP1A.191105.004, OPSS28.85-17-6, unknown, unknown, unknown,23, write_cmd,0,3876928,8K,in,client
QP1A.191105.004, OPSS28.85-17-6, unknown, unknown, unknown,23, write_cmd,0,1155521,8K,in,client
QP1A.191105.004, OPSS28.85-17-6, unknown, unknown, unknown,23, write_cmd,0,2245052,8K,in,client
QP1A.191105.004, OPSS28.85-17-6, unknown, unknown, unknown,23, write_cmd,0,3369896,8K,in,client
QP1A.191105.004, OPSS28.85-17-6, unknown, unknown, unknown,23, write_cmd,0,2270313,8K,in,client
QP1A.191105.004, OPSS28.85-17-6, unknown, unknown, unknown,23, write_cmd,0,4595053,8K,in,client
QP1A.191105.004, OPSS28.85-17-6, unknown, unknown, unknown,23, write_cmd,0,5426406,8K,in,client
QP1A.191105.004, OPSS28.85-17-6, unknown, unknown, unknown,23, write_cmd,0,4426927,8K,in,client
QP1A.191105.004, OPSS28.85-17-6, unknown, unknown, unknown,23, write_cmd,0,2343385,8K,in,client
QP1A.191105.004, OPSS28.85-17-6, unknown, unknown, unknown,23, write_cmd,0,1752813,8K,in,client
QP1A.191105.004, OPSS28.85-17-6, unknown, unknown, unknown,23, write_cmd,0,5293698,8K,in,client
QP1A.191105.004, OPSS28.85-17-6, unknown, unknown, unknown,23, write_cmd,0,4282969,8K,in,client
QP1A.191105.004, OPSS28.85-17-6, unknown, unknown, unknown,23, write_cmd,0,6531095,8K,in,client
QP1A.191105.004, OPSS28.85-17-6, unknown, unknown, unknown,23, write_cmd,0,3192969,8K,in,client
QP1A.191105.004, OPSS28.85-17-6, unknown, unknown, unknown,23, write_cmd,0,3598490,8K,in,client
QP1A.191105.004, OPSS28.85-17-6, unknown, unknown, unknown,23, write_cmd,0,2532604,8K,in,client
QP1A.191105.004, OPSS28.85-17-6, unknown, unknown, unknown,23, write_cmd,0,2274531,8K,in,client
QP1A.191105.004, OPSS28.85-17-6, unknown, unknown, unknown,23, write_cmd,0,2823178,8K,in,client
QP1A.191105.004, OPSS28.85-17-6, unknown, unknown, unknown,23, write_cmd,0,1905729,8K,in,client
QP1A.191105.004, OPSS28.85-17-6, unknown, unknown, unknown,23, write_cmd,0,2167084,8K,in,client
QP1A.191105.004, OPSS28.85-17-6, unknown, unknown, unknown,23, write_cmd,0,1687500,8K,in,client
QP1A.191105.004, OPSS28.85-17-6, unknown, unknown, unknown,23, write_cmd,0,1273281,8K,in,client
QP1A.191105.004, OPSS28.85-17-6, unknown, unknown, unknown,23, write_cmd,0,1619635,8K,in,client
QP1A.191105.004, OPSS28.85-17-6, unknown, unknown, unknown,23, write_cmd,0,1615313,8K,in,client
QP1A.191105.004, OPSS28.85-17-6, unknown, unknown, unknown,23, write_cmd,0,1847760,8K,in,client
QP1A.191105.004, OPSS28.85-17-6, unknown, unknown, unknown,23, write_cmd,0,1812552,8K,in,client
QP1A.191105.004, OPSS28.85-17-6, unknown, unknown, unknown,23, write_cmd,0,1020781,8K,in,client
QP1A.191105.004, OPSS28.85-17-6, unknown, unknown, unknown,23, write_cmd,0,1559740,8K,in,client
QP1A.191105.004, OPSS28.85-17-6, unknown, unknown, unknown,23, write_cmd,0,1303958,8K,in,client
QP1A.191105.004, OPSS28.85-17-6, unknown, unknown, unknown,23, write_cmd,0,1814062,8K,in,client
QP1A.191105.004, OPSS28.85-17-6, unknown, unknown, unknown,23, write_cmd,0,1567917,8K,in,client
QP1A.191105.004, OPSS28.85-17-6, unknown, unknown, unknown,23, write_cmd,0,1166511,8K,in,client
QP1A.191105.004, OPSS28.85-17-6, unknown, unknown, unknown,23, write_cmd,0,1146562,8K,in,client
QP1A.191105.004, OPSS28.85-17-6, unknown, unknown, unknown,23, write_cmd,0,1266302,8K,in,client
QP1A.191105.004, OPSS28.85-17-6, unknown, unknown, unknown,23, write_cmd,0,2480417,8K,in,client
QP1A.191105.004, OPSS28.85-17-6, unknown, unknown, unknown,23, write_cmd,0,1592709,8K,in,client
QP1A.191105.004, OPSS28.85-17-6, unknown, unknown, unknown,23, write_cmd,0,1502813,8K,in,client
QP1A.191105.004, OPSS28.85-17-6, unknown, unknown, unknown,23, write_cmd,0,1587813,8K,in,client
QP1A.191105.004, OPSS28.85-17-6, unknown, unknown, unknown,23, write_cmd,0,1474167,8K,in,client
QP1A.191105.004, OPSS28.85-17-6, unknown, unknown, unknown,23, write_cmd,0,2055573,8K,in,client
QP1A.191105.004, OPSS28.85-17-6, unknown, unknown, unknown,23, write_cmd,0,1164115,8K,in,client
QP1A.191105.004, OPSS28.85-17-6, unknown, unknown, unknown,23, write_cmd,0,822448,8K,in,client
QP1A.191105.004, OPSS28.85-17-6, unknown, unknown, unknown,23, write_cmd,0,1751302,8K,in,client
QP1A.191105.004, OPSS28.85-17-6, unknown, unknown, unknown,23, write_cmd,0,1168907,8K,in,client
QP1A.191105.004, OPSS28.85-17-6, unknown, unknown, unknown,23, write_cmd,0,1433906,8K,in,client
QP1A.191105.004, OPSS28.85-17-6, unknown, unknown, unknown,23, write_cmd,0,1074792,8K,in,client
QP1A.191105.004, OPSS28.85-17-6, unknown, unknown, unknown,23, write_cmd,0,1479115,8K,in,client
QP1A.191105.004, OPSS28.85-17-6, unknown, unknown, unknown,23, write_cmd,0,2183386,8K,in,client
QP1A.191105.004, OPSS28.85-17-6, unknown, unknown, unknown,23, write_cmd,0,1826771,8K,in,client
QP1A.191105.004, OPSS28.85-17-6, unknown, unknown, unknown,23, write_cmd,0,1580990,8K,in,client
QP1A.191105.004, OPSS28.85-17-6, unknown, unknown, unknown,23, write_cmd,0,1740312,8K,in,client
QP1A.191105.004, OPSS28.85-17-6, unknown, unknown, unknown,23, write_cmd,0,2015938,8K,in,client
QP1A.191105.004, OPSS28.85-17-6, unknown, unknown, unknown,23, write_cmd,0,2049531,8K,in,client
QP1A.191105.004, OPSS28.85-17-6, unknown, unknown, unknown,23, write_cmd,0,1805001,8K,in,client
QP1A.191105.004, OPSS28.85-17-6, unknown, unknown, unknown,23, write_cmd,0,4017188,8K,in,client
QP1A.191105.004, OPSS28.85-17-6, unknown, unknown, unknown,23, write_cmd,0,2392656,8K,in,client
QP1A.191105.004, OPSS28.85-17-6, unknown, unknown, unknown,23, write_cmd,0,2655677,8K,in,client
QP1A.191105.004, OPSS28.85-17-6, unknown, unknown, unknown,23, write_cmd,0,1952812,8K,in,client
QP1A.191105.004, OPSS28.85-17-6, unknown, unknown, unknown,23, write_cmd,0,2200521,8K,in,client
QP1A.191105.004, OPSS28.85-17-6, unknown, unknown, unknown,23, write_cmd,0,2897761,8K,in,client
QP1A.191105.004, OPSS28.85-17-6, unknown, unknown, unknown,23, write_cmd,0,2048281,8K,in,client
QP1A.191105.004, OPSS28.85-17-6, unknown, unknown, unknown,23, write_cmd,0,1800938,8K,in,client
QP1A.191105.004, OPSS28.85-17-6, unknown, unknown, unknown,23, write_cmd,0,2168438,8K,in,client
QP1A.191105.004, OPSS28.85-17-6, unknown, unknown, unknown,23, write_cmd,0,1901041,8K,in,client
QP1A.191105.004, OPSS28.85-17-6, unknown, unknown, unknown,23, write_cmd,0,1124219,8K,in,client
QP1A.191105.004, OPSS28.85-17-6, unknown, unknown, unknown,23, write_cmd,0,1437604,8K,in,client
QP1A.191105.004, OPSS28.85-17-6, unknown, unknown, unknown,23, write_cmd,0,1505469,8K,in,client
QP1A.191105.004, OPSS28.85-17-6, unknown, unknown, unknown,23, write_cmd,0,1044843,8K,in,client
QP1A.191105.004, OPSS28.85-17-6, unknown, unknown, unknown,23, write_cmd,0,1694739,8K,in,client
QP1A.191105.004, OPSS28.85-17-6, unknown, unknown, unknown,23, write_cmd,0,2528490,8K,in,client
QP1A.191105.004, OPSS28.85-17-6, unknown, unknown, unknown,23, write_cmd,0,2729896,8K,in,client
QP1A.191105.004, OPSS28.85-17-6, unknown, unknown, unknown,23, write_cmd,0,2074583,8K,in,client
QP1A.191105.004, OPSS28.85-17-6, unknown, unknown, unknown,23, write_cmd,0,1689011,8K,in,client
QP1A.191105.004, OPSS28.85-17-6, unknown, unknown, unknown,23, write_cmd,0,1861719,8K,in,client
QP1A.191105.004, OPSS28.85-17-6, unknown, unknown, unknown,23, write_cmd,0,1872813,8K,in,client
QP1A.191105.004, OPSS28.85-17-6, unknown, unknown, unknown,23, write_cmd,0,2912865,8K,in,client
QP1A.191105.004, OPSS28.85-17-6, unknown, unknown, unknown,23, write_cmd,0,1871771,8K,in,client
QP1A.191105.004, OPSS28.85-17-6, unknown, unknown, unknown,23, write_cmd,0,2879583,8K,in,client
QP1A.191105.004, OPSS28.85-17-6, unknown, unknown, unknown,23, write_cmd,0,1132448,8K,in,client
QP1A.191105.004, OPSS28.85-17-6, unknown, unknown, unknown,23, write_cmd,0,2621094,8K,in,client
QP1A.191105.004, OPSS28.85-17-6, unknown, unknown, unknown,23, write_cmd,0,2044635,8K,in,client
QP1A.191105.004, OPSS28.85-17-6, unknown, unknown, unknown,23, write_cmd,0,2055417,8K,in,client
QP1A.191105.004, OPSS28.85-17-6, unknown, unknown, unknown,23, write_cmd,0,2798230,8K,in,client
QP1A.191105.004, OPSS28.85-17-6, unknown, unknown, unknown,23, write_cmd,0,2554376,8K,in,client
QP1A.191105.004, OPSS28.85-17-6, unknown, unknown, unknown,23, write_cmd,0,2269896,8K,in,client
QP1A.191105.004, OPSS28.85-17-6, unknown, unknown, unknown,23, write_cmd,0,2421354,8K,in,client
QP1A.191105.004, OPSS28.85-17-6, unknown, unknown, unknown,23, write_cmd,0,2033490,8K,in,client
QP1A.191105.004, OPSS28.85-17-6, unknown, unknown, unknown,23, write_cmd,0,2244324,8K,in,client
QP1A.191105.004, OPSS28.85-17-6, unknown, unknown, unknown,23, write_cmd,0,2416459,8K,in,client
QP1A.191105.004, OPSS28.85-17-6, unknown, unknown, unknown,23, write_cmd,0,2048386,8K,in,client
QP1A.191105.004, OPSS28.85-17-6, unknown, unknown, unknown,23, write_cmd,0,2600001,8K,in,client
QP1A.191105.004, OPSS28.85-17-6, unknown, unknown, unknown,23, write_cmd,0,3678490,8K,in,client
QP1A.191105.004, OPSS28.85-17-6, unknown, unknown, unknown,23, write_cmd,0,3880886,8K,in,client
QP1A.191105.004, OPSS28.85-17-6, unknown, unknown, unknown,23, write_cmd,0,2344531,8K,in,client
QP1A.191105.004, OPSS28.85-17-6, unknown, unknown, unknown,23, write_cmd,0,4155782,8K,in,client
QP1A.191105.004, OPSS28.85-17-6, unknown, unknown, unknown,23, write_cmd,0,3944531,8K,in,client
QP1A.191105.004, OPSS28.85-17-6, unknown, unknown, unknown,23, write_cmd,0,3193855,8K,in,client
QP1A.191105.004, OPSS28.85-17-6, unknown, unknown, unknown,23, write_cmd,0,2442813,8K,in,client
QP1A.191105.004, OPSS28.85-17-6, unknown, unknown, unknown,23, write_cmd,0,2229219,8K,in,client
QP1A.191105.004, OPSS28.85-17-6, unknown, unknown, unknown,23, write_cmd,0,2153855,8K,in,client
QP1A.191105.004, OPSS28.85-17-6, unknown, unknown, unknown,23, write_cmd,0,2444063,8K,in,client
QP1A.191105.004, OPSS28.85-17-6, unknown, unknown, unknown,23, write_cmd,0,2094948,8K,in,client
QP1A.191105.004, OPSS28.85-17-6, unknown, unknown, unknown,23, write_cmd,0,2804011,8K,in,client
QP1A.191105.004, OPSS28.85-17-6, unknown, unknown, unknown,23, write_cmd,0,1672239,8K,in,client
QP1A.191105.004, OPSS28.85-17-6, unknown, unknown, unknown,23, write_cmd,0,2990990,8K,in,client
QP1A.191105.004, OPSS28.85-17-6, unknown, unknown, unknown,23, write_cmd,0,2892240,8K,in,client
QP1A.191105.004, OPSS28.85-17-6, unknown, unknown, unknown,23, write_cmd,0,3081615,8K,in,client
QP1A.191105.004, OPSS28.85-17-6, unknown, unknown, unknown,23, write_cmd,0,3187031,8K,in,client
QP1A.191105.004, OPSS28.85-17-6, unknown, unknown, unknown,23, write_cmd,0,2338646,8K,in,client
QP1A.191105.004, OPSS28.85-17-6, unknown, unknown, unknown,23, write_cmd,0,3090729,8K,in,client
QP1A.191105.004, OPSS28.85-17-6, unknown, unknown, unknown,23, write_cmd,0,2580000,8K,in,client
QP1A.191105.004, OPSS28.85-17-6, unknown, unknown, unknown,23, write_cmd,0,2930521,8K,in,client
QP1A.191105.004, OPSS28.85-17-6, unknown, unknown, unknown,23, write_cmd,0,2254479,8K,in,client
QP1A.191105.004, OPSS28.85-17-6, unknown, unknown, unknown,23, write_cmd,0,2477604,8K,in,client
QP1A.191105.004, OPSS28.85-17-6, unknown, unknown, unknown,23, write_cmd,0,2693438,8K,in,client
QP1A.191105.004, OPSS28.85-17-6, unknown, unknown, unknown,23, write_cmd,0,3128177,8K,in,client
QP1A.191105.004, OPSS28.85-17-6, unknown, unknown, unknown,23, write_cmd,0,3079635,8K,in,client
QP1A.191105.004, OPSS28.85-17-6, unknown, unknown, unknown,23, write_cmd,0,1564584,8K,in,client
QP1A.191105.004, OPSS28.85-17-6, unknown, unknown, unknown,23, write_cmd,0,3921042,8K,in,client
QP1A.191105.004, OPSS28.85-17-6, unknown, unknown, unknown,23, write_cmd,0,3943855,8K,in,client
QP1A.191105.004, OPSS28.85-17-6, unknown, unknown, unknown,23, write_cmd,0,2639948,8K,in,client
QP1A.191105.004, OPSS28.85-17-6, unknown, unknown, unknown,23, write_cmd,0,7682866,8K,in,client
QP1A.191105.004, OPSS28.85-17-6, unknown, unknown, unknown,23, write_cmd,0,3371979,8K,in,client
QP1A.191105.004, OPSS28.85-17-6, unknown, unknown, unknown,23, write_cmd,0,3803334,8K,in,client
QP1A.191105.004, OPSS28.85-17-6, unknown, unknown, unknown,23, write_cmd,0,1867500,8K,in,client
QP1A.191105.004, OPSS28.85-17-6, unknown, unknown, unknown,23, write_cmd,0,2437813,8K,in,client
QP1A.191105.004, OPSS28.85-17-6, unknown, unknown, unknown,23, write_cmd,0,4689479,8K,in,client
QP1A.191105.004, OPSS28.85-17-6, unknown, unknown, unknown,23, write_cmd,0,3932656,8K,in,client
QP1A.191105.004, OPSS28.85-17-6, unknown, unknown, unknown,23, write_cmd,0,2196771,8K,in,client
QP1A.191105.004, OPSS28.85-17-6, unknown, unknown, unknown,23, write_cmd,0,904740,8K,in,client
QP1A.191105.004, OPSS28.85-17-6, unknown, unknown, unknown,23, write_cmd,0,730469,8K,in,client
QP1A.191105.004, OPSS28.85-17-6, unknown, unknown, unknown,23, write_cmd,0,687553,8K,in,client
QP1A.191105.004, OPSS28.85-17-6, unknown, unknown, unknown,23, write_cmd,0,647656,8K,in,client
QP1A.191105.004, OPSS28.85-17-6, unknown, unknown, unknown,23, write_cmd,0,640052,8K,in,client
QP1A.191105.004, OPSS28.85-17-6, unknown, unknown, unknown,23, write_cmd,0,702448,8K,in,client
QP1A.191105.004, OPSS28.85-17-6, unknown, unknown, unknown,23, write_cmd,0,674532,8K,in,client
QP1A.191105.004, OPSS28.85-17-6, unknown, unknown, unknown,23, write_cmd,0,674063,8K,in,client
QP1A.191105.004, OPSS28.85-17-6, unknown, unknown, unknown,23, write_cmd,0,654636,8K,in,client
QP1A.191105.004, OPSS28.85-17-6, unknown, unknown, unknown,23, write_cmd,0,689583,8K,in,client
QP1A.191105.004, OPSS28.85-17-6, unknown, unknown, unknown,23, write_cmd,0,677500,8K,in,client
QP1A.191105.004, OPSS28.85-17-6, unknown, unknown, unknown,23, write_cmd,0,656250,8K,in,client
QP1A.191105.004, OPSS28.85-17-6, unknown, unknown, unknown,23, write_cmd,0,651094,8K,in,client
QP1A.191105.004, OPSS28.85-17-6, unknown, unknown, unknown,23, write_cmd,0,805573,8K,in,client
QP1A.191105.004, OPSS28.85-17-6, unknown, unknown, unknown,23, write_cmd,0,883646,8K,in,client
QP1A.191105.004, OPSS28.85-17-6, unknown, unknown, unknown,23, write_cmd,0,732448,8K,in,client
QP1A.191105.004, OPSS28.85-17-6, unknown, unknown, unknown,23, write_cmd,0,687292,8K,in,client
QP1A.191105.004, OPSS28.85-17-6, unknown, unknown, unknown,23, write_cmd,0,3333906,8K,in,client
QP1A.191105.004, OPSS28.85-17-6, unknown, unknown, unknown,23, write_cmd,0,1514792,8K,in,client
QP1A.191105.004, OPSS28.85-17-6, unknown, unknown, unknown,23, write_cmd,0,3120885,8K,in,client
QP1A.191105.004, OPSS28.85-17-6, unknown, unknown, unknown,23, write_cmd,0,1839375,8K,in,client
QP1A.191105.004, OPSS28.85-17-6, unknown, unknown, unknown,23, write_cmd,0,1129896,8K,in,client
QP1A.191105.004, OPSS28.85-17-6, unknown, unknown, unknown,23, write_cmd,0,1638386,8K,in,client
QP1A.191105.004, OPSS28.85-17-6, unknown, unknown, unknown,23, write_cmd,0,1088125,8K,in,client
QP1A.191105.004, OPSS28.85-17-6, unknown, unknown, unknown,23, write_cmd,0,1532604,8K,in,client
QP1A.191105.004, OPSS28.85-17-6, unknown, unknown, unknown,23, write_cmd,0,1873074,8K,in,client
QP1A.191105.004, OPSS28.85-17-6, unknown, unknown, unknown,23, write_cmd,0,1619480,8K,in,client
QP1A.191105.004, OPSS28.85-17-6, unknown, unknown, unknown,23, write_cmd,0,1567917,8K,in,client
QP1A.191105.004, OPSS28.85-17-6, unknown, unknown, unknown,23, write_cmd,0,1139844,8K,in,client
QP1A.191105.004, OPSS28.85-17-6, unknown, unknown, unknown,23, write_cmd,0,1034479,8K,in,client
QP1A.191105.004, OPSS28.85-17-6, unknown, unknown, unknown,23, write_cmd,0,576823,8K,in,client
QP1A.191105.004, OPSS28.85-17-6, unknown, unknown, unknown,23, write_cmd,0,649687,8K,in,client
QP1A.191105.004, OPSS28.85-17-6, unknown, unknown, unknown,23, write_cmd,0,1540000,8K,in,client
QP1A.191105.004, OPSS28.85-17-6, unknown, unknown, unknown,23, write_cmd,0,752605,8K,in,client
QP1A.191105.004, OPSS28.85-17-6, unknown, unknown, unknown,23, write_cmd,0,733489,8K,in,client
QP1A.191105.004, OPSS28.85-17-6, unknown, unknown, unknown,23, write_cmd,0,868698,8K,in,client
QP1A.191105.004, OPSS28.85-17-6, unknown, unknown, unknown,23, write_cmd,0,6255938,8K,in,client
QP1A.191105.004, OPSS28.85-17-6, unknown, unknown, unknown,23, write_cmd,0,2183542,8K,in,client
QP1A.191105.004, OPSS28.85-17-6, unknown, unknown, unknown,23, write_cmd,0,1131718,8K,in,client
QP1A.191105.004, OPSS28.85-17-6, unknown, unknown, unknown,23, write_cmd,0,1375260,8K,in,client
QP1A.191105.004, OPSS28.85-17-6, unknown, unknown, unknown,23, write_cmd,0,663802,8K,in,client
QP1A.191105.004, OPSS28.85-17-6, unknown, unknown, unknown,23, write_cmd,0,1062291,8K,in,client
QP1A.191105.004, OPSS28.85-17-6, unknown, unknown, unknown,23, write_cmd,0,859948,8K,in,client
QP1A.191105.004, OPSS28.85-17-6, unknown, unknown, unknown,23, write_cmd,0,908542,8K,in,client
QP1A.191105.004, OPSS28.85-17-6, unknown, unknown, unknown,23, write_cmd,0,630260,8K,in,client
QP1A.191105.004, OPSS28.85-17-6, unknown, unknown, unknown,23, write_cmd,0,857292,8K,in,client
QP1A.191105.004, OPSS28.85-17-6, unknown, unknown, unknown,23, write_cmd,0,933021,8K,in,client
QP1A.191105.004, OPSS28.85-17-6, unknown, unknown, unknown,23, write_cmd,0,763229,8K,in,client
QP1A.191105.004, OPSS28.85-17-6, unknown, unknown, unknown,23, write_cmd,0,1000990,8K,in,client
QP1A.191105.004, OPSS28.85-17-6, unknown, unknown, unknown,23, write_cmd,0,707657,8K,in,client
QP1A.191105.004, OPSS28.85-17-6, unknown, unknown, unknown,23, write_cmd,0,1061823,8K,in,client
QP1A.191105.004, OPSS28.85-17-6, unknown, unknown, unknown,23, write_cmd,0,1008594,8K,in,client
QP1A.191105.004, OPSS28.85-17-6, unknown, unknown, unknown,23, write_cmd,0,856823,8K,in,client
QP1A.191105.004, OPSS28.85-17-6, unknown, unknown, unknown,23, write_cmd,0,794532,8K,in,client
QP1A.191105.004, OPSS28.85-17-6, unknown, unknown, unknown,23, write_cmd,0,1238333,8K,in,client
QP1A.191105.004, OPSS28.85-17-6, unknown, unknown, unknown,23, write_cmd,0,1137500,8K,in,client
QP1A.191105.004, OPSS28.85-17-6, unknown, unknown, unknown,23, write_cmd,0,1302031,8K,in,client
QP1A.191105.004, OPSS28.85-17-6, unknown, unknown, unknown,23, write_cmd,0,1088698,8K,in,client
QP1A.191105.004, OPSS28.85-17-6, unknown, unknown, unknown,23, write_cmd,0,1390156,8K,in,client
QP1A.191105.004, OPSS28.85-17-6, unknown, unknown, unknown,23, write_cmd,0,2018698,8K,in,client
QP1A.191105.004, OPSS28.85-17-6, unknown, unknown, unknown,23, write_cmd,0,1972761,8K,in,client
QP1A.191105.004, OPSS28.85-17-6, unknown, unknown, unknown,23, write_cmd,0,2476354,8K,in,client
QP1A.191105.004, OPSS28.85-17-6, unknown, unknown, unknown,23, write_cmd,0,720261,8K,in,client
QP1A.191105.004, OPSS28.85-17-6, unknown, unknown, unknown,23, write_cmd,0,711146,8K,in,client
QP1A.191105.004, OPSS28.85-17-6, unknown, unknown, unknown,23, write_cmd,0,2174584,8K,in,client
QP1A.191105.004, OPSS28.85-17-6, unknown, unknown, unknown,23, write_cmd,0,2227709,8K,in,client
QP1A.191105.004, OPSS28.85-17-6, unknown, unknown, unknown,23, write_cmd,0,761771,8K,in,client
QP1A.191105.004, OPSS28.85-17-6, unknown, unknown, unknown,23, write_cmd,0,495625,8K,in,client
QP1A.191105.004, OPSS28.85-17-6, unknown, unknown, unknown,23, write_cmd,0,500469,8K,in,client
QP1A.191105.004, OPSS28.85-17-6, unknown, unknown, unknown,23, write_cmd,0,480937,8K,in,client
QP1A.191105.004, OPSS28.85-17-6, unknown, unknown, unknown,23, write_cmd,0,515989,8K,in,client
QP1A.191105.004, OPSS28.85-17-6, unknown, unknown, unknown,23, write_cmd,0,557813,8K,in,client
QP1A.191105.004, OPSS28.85-17-6, unknown, unknown, unknown,23, write_cmd,0,522969,8K,in,client
QP1A.191105.004, OPSS28.85-17-6, unknown, unknown, unknown,23, write_cmd,0,528333,8K,in,client
QP1A.191105.004, OPSS28.85-17-6, unknown, unknown, unknown,23, write_cmd,0,627084,8K,in,client
QP1A.191105.004, OPSS28.85-17-6, unknown, unknown, unknown,23, write_cmd,0,938281,8K,in,client
QP1A.191105.004, OPSS28.85-17-6, unknown, unknown, unknown,23, write_cmd,0,928542,8K,in,client
QP1A.191105.004, OPSS28.85-17-6, unknown, unknown, unknown,23, write_cmd,0,820886,8K,in,client
QP1A.191105.004, OPSS28.85-17-6, unknown, unknown, unknown,23, write_cmd,0,1063021,8K,in,client
QP1A.191105.004, OPSS28.85-17-6, unknown, unknown, unknown,23, write_cmd,0,1258802,8K,in,client
QP1A.191105.004, OPSS28.85-17-6, unknown, unknown, unknown,23, write_cmd,0,940782,8K,in,client
QP1A.191105.004, OPSS28.85-17-6, unknown, unknown, unknown,23, write_cmd,0,1875000,8K,in,client
QP1A.191105.004, OPSS28.85-17-6, unknown, unknown, unknown,23, write_cmd,0,1343021,8K,in,client
QP1A.191105.004, OPSS28.85-17-6, unknown, unknown, unknown,23, write_cmd,0,681927,8K,in,client
QP1A.191105.004, OPSS28.85-17-6, unknown, unknown, unknown,23, write_cmd,0,1190313,8K,in,client
QP1A.191105.004, OPSS28.85-17-6, unknown, unknown, unknown,23, write_cmd,0,1225000,8K,in,client
QP1A.191105.004, OPSS28.85-17-6, unknown, unknown, unknown,23, write_cmd,0,707865,8K,in,client
QP1A.191105.004, OPSS28.85-17-6, unknown, unknown, unknown,23, write_cmd,0,550677,8K,in,client
QP1A.191105.004, OPSS28.85-17-6, unknown, unknown, unknown,23, write_cmd,0,745468,8K,in,client
QP1A.191105.004, OPSS28.85-17-6, unknown, unknown, unknown,23, write_cmd,0,2788906,8K,in,client
QP1A.191105.004, OPSS28.85-17-6, unknown, unknown, unknown,23, write_cmd,0,816875,8K,in,client
QP1A.191105.004, OPSS28.85-17-6, unknown, unknown, unknown,23, write_cmd,0,377344,8K,in,client
QP1A.191105.004, OPSS28.85-17-6, unknown, unknown, unknown,23, write_cmd,0,373906,8K,in,client
QP1A.191105.004, OPSS28.85-17-6, unknown, unknown, unknown,23, write_cmd,0,391041,8K,in,client
QP1A.191105.004, OPSS28.85-17-6, unknown, unknown, unknown,23, write_cmd,0,484115,8K,in,client
QP1A.191105.004, OPSS28.85-17-6, unknown, unknown, unknown,23, write_cmd,0,439563273,8K,in,client
QP1A.191105.004, OPSS28.85-17-6, unknown, unknown, unknown,23, write_cmd,0,5375886,8K,in,client
QP1A.191105.004, OPSS28.85-17-6, unknown, unknown, unknown,23, write_cmd,0,2204844,8K,in,client
QP1A.191105.004, OPSS28.85-17-6, unknown, unknown, unknown,23, write_cmd,0,2158230,8K,in,client
QP1A.191105.004, OPSS28.85-17-6, unknown, unknown, unknown,23, write_cmd,0,2356667,8K,in,client
QP1A.191105.004, OPSS28.85-17-6, unknown, unknown, unknown,23, write_cmd,0,2297656,8K,in,client
QP1A.191105.004, OPSS28.85-17-6, unknown, unknown, unknown,23, write_cmd,0,1508125,8K,in,client
QP1A.191105.004, OPSS28.85-17-6, unknown, unknown, unknown,23, write_cmd,0,1187865,8K,in,client
QP1A.191105.004, OPSS28.85-17-6, unknown, unknown, unknown,23, write_cmd,0,1163230,8K,in,client
QP1A.191105.004, OPSS28.85-17-6, unknown, unknown, unknown,23, write_cmd,0,1184532,8K,in,client
QP1A.191105.004, OPSS28.85-17-6, unknown, unknown, unknown,23, write_cmd,0,1088229,8K,in,client
QP1A.191105.004, OPSS28.85-17-6, unknown, unknown, unknown,23, write_cmd,0,1130260,8K,in,client
QP1A.191105.004, OPSS28.85-17-6, unknown, unknown, unknown,23, write_cmd,0,1087500,8K,in,client
QP1A.191105.004, OPSS28.85-17-6, unknown, unknown, unknown,23, write_cmd,0,1075156,8K,in,client
QP1A.191105.004, OPSS28.85-17-6, unknown, unknown, unknown,23, write_cmd,0,1130573,8K,in,client
QP1A.191105.004, OPSS28.85-17-6, unknown, unknown, unknown,23, write_cmd,0,1164792,8K,in,client
QP1A.191105.004, OPSS28.85-17-6, unknown, unknown, unknown,23, write_cmd,0,1090573,8K,in,client
QP1A.191105.004, OPSS28.85-17-6, unknown, unknown, unknown,23, write_cmd,0,1061302,8K,in,client
QP1A.191105.004, OPSS28.85-17-6, unknown, unknown, unknown,23, write_cmd,0,1359010,8K,in,client
QP1A.191105.004, OPSS28.85-17-6, unknown, unknown, unknown,23, write_cmd,0,1686146,8K,in,client
QP1A.191105.004, OPSS28.85-17-6, unknown, unknown, unknown,23, write_cmd,0,1242188,8K,in,client
QP1A.191105.004, OPSS28.85-17-6, unknown, unknown, unknown,23, write_cmd,0,856250,8K,in,client
QP1A.191105.004, OPSS28.85-17-6, unknown, unknown, unknown,23, write_cmd,0,1022083,8K,in,client
QP1A.191105.004, OPSS28.85-17-6, unknown, unknown, unknown,23, write_cmd,0,826250,8K,in,client
QP1A.191105.004, OPSS28.85-17-6, unknown, unknown, unknown,23, write_cmd,0,755521,8K,in,client
QP1A.191105.004, OPSS28.85-17-6, unknown, unknown, unknown,23, write_cmd,0,1417396,8K,in,client
QP1A.191105.004, OPSS28.85-17-6, unknown, unknown, unknown,23, write_cmd,0,940730,8K,in,client
QP1A.191105.004, OPSS28.85-17-6, unknown, unknown, unknown,23, write_cmd,0,669532,8K,in,client
QP1A.191105.004, OPSS28.85-17-6, unknown, unknown, unknown,23, write_cmd,0,829584,8K,in,client
QP1A.191105.004, OPSS28.85-17-6, unknown, unknown, unknown,23, write_cmd,0,802553,8K,in,client
QP1A.191105.004, OPSS28.85-17-6, unknown, unknown, unknown,23, write_cmd,0,842240,8K,in,client
QP1A.191105.004, OPSS28.85-17-6, unknown, unknown, unknown,23, write_cmd,0,809219,8K,in,client
QP1A.191105.004, OPSS28.85-17-6, unknown, unknown, unknown,23, write_cmd,0,936511,8K,in,client
QP1A.191105.004, OPSS28.85-17-6, unknown, unknown, unknown,23, write_cmd,0,1148021,8K,in,client
QP1A.191105.004, OPSS28.85-17-6, unknown, unknown, unknown,23, write_cmd,0,661979,8K,in,client
QP1A.191105.004, OPSS28.85-17-6, unknown, unknown, unknown,23, write_cmd,0,685573,8K,in,client
QP1A.191105.004, OPSS28.85-17-6, unknown, unknown, unknown,23, write_cmd,0,838802,8K,in,client
QP1A.191105.004, OPSS28.85-17-6, unknown, unknown, unknown,23, write_cmd,0,845104,8K,in,client
QP1A.191105.004, OPSS28.85-17-6, unknown, unknown, unknown,23, write_cmd,0,950625,8K,in,client
QP1A.191105.004, OPSS28.85-17-6, unknown, unknown, unknown,23, write_cmd,0,912917,8K,in,client
QP1A.191105.004, OPSS28.85-17-6, unknown, unknown, unknown,23, write_cmd,0,576823,8K,in,client
QP1A.191105.004, OPSS28.85-17-6, unknown, unknown, unknown,23, write_cmd,0,724687,8K,in,client
QP1A.191105.004, OPSS28.85-17-6, unknown, unknown, unknown,23, write_cmd,0,1316718,8K,in,client
QP1A.191105.004, OPSS28.85-17-6, unknown, unknown, unknown,23, write_cmd,0,1658386,8K,in,client
QP1A.191105.004, OPSS28.85-17-6, unknown, unknown, unknown,23, write_cmd,0,1087552,8K,in,client
QP1A.191105.004, OPSS28.85-17-6, unknown, unknown, unknown,23, write_cmd,0,799375,8K,in,client
QP1A.191105.004, OPSS28.85-17-6, unknown, unknown, unknown,23, write_cmd,0,941250,8K,in,client
QP1A.191105.004, OPSS28.85-17-6, unknown, unknown, unknown,23, write_cmd,0,1091511,8K,in,client
QP1A.191105.004, OPSS28.85-17-6, unknown, unknown, unknown,23, write_cmd,0,1221354,8K,in,client
QP1A.191105.004, OPSS28.85-17-6, unknown, unknown, unknown,23, write_cmd,0,3234375,8K,in,client
QP1A.191105.004, OPSS28.85-17-6, unknown, unknown, unknown,23, write_cmd,0,6145105,8K,in,client
QP1A.191105.004, OPSS28.85-17-6, unknown, unknown, unknown,23, write_cmd,0,2012917,8K,in,client
QP1A.191105.004, OPSS28.85-17-6, unknown, unknown, unknown,23, write_cmd,0,2987917,8K,in,client
QP1A.191105.004, OPSS28.85-17-6, unknown, unknown, unknown,23, write_cmd,0,1388541,8K,in,client
QP1A.191105.004, OPSS28.85-17-6, unknown, unknown, unknown,23, write_cmd,0,991094,8K,in,client
QP1A.191105.004, OPSS28.85-17-6, unknown, unknown, unknown,23, write_cmd,0,1227865,8K,in,client
QP1A.191105.004, OPSS28.85-17-6, unknown, unknown, unknown,23, write_cmd,0,1604948,8K,in,client
QP1A.191105.004, OPSS28.85-17-6, unknown, unknown, unknown,23, write_cmd,0,2571094,8K,in,client
QP1A.191105.004, OPSS28.85-17-6, unknown, unknown, unknown,23, write_cmd,0,1405469,8K,in,client
QP1A.191105.004, OPSS28.85-17-6, unknown, unknown, unknown,23, write_cmd,0,2739896,8K,in,client
QP1A.191105.004, OPSS28.85-17-6, unknown, unknown, unknown,23, write_cmd,0,1531875,8K,in,client
QP1A.191105.004, OPSS28.85-17-6, unknown, unknown, unknown,23, write_cmd,0,4192708,8K,in,client
QP1A.191105.004, OPSS28.85-17-6, unknown, unknown, unknown,23, write_cmd,0,2145469,8K,in,client
QP1A.191105.004, OPSS28.85-17-6, unknown, unknown, unknown,23, write_cmd,0,3039063,8K,in,client
QP1A.191105.004, OPSS28.85-17-6, unknown, unknown, unknown,23, write_cmd,0,4324271,8K,in,client
QP1A.191105.004, OPSS28.85-17-6, unknown, unknown, unknown,23, write_cmd,0,5373646,8K,in,client
QP1A.191105.004, OPSS28.85-17-6, unknown, unknown, unknown,23, write_cmd,0,4392761,8K,in,client
QP1A.191105.004, OPSS28.85-17-6, unknown, unknown, unknown,23, write_cmd,0,3075990,8K,in,client
QP1A.191105.004, OPSS28.85-17-6, unknown, unknown, unknown,23, write_cmd,0,3412656,8K,in,client
QP1A.191105.004, OPSS28.85-17-6, unknown, unknown, unknown,23, write_cmd,0,2666511,8K,in,client
QP1A.191105.004, OPSS28.85-17-6, unknown, unknown, unknown,23, write_cmd,0,2552448,8K,in,client
QP1A.191105.004, OPSS28.85-17-6, unknown, unknown, unknown,23, write_cmd,0,3033073,8K,in,client
QP1A.191105.004, OPSS28.85-17-6, unknown, unknown, unknown,23, write_cmd,0,2474584,8K,in,client
QP1A.191105.004, OPSS28.85-17-6, unknown, unknown, unknown,23, write_cmd,0,2355365,8K,in,client
QP1A.191105.004, OPSS28.85-17-6, unknown, unknown, unknown,23, write_cmd,0,2465156,8K,in,client
QP1A.191105.004, OPSS28.85-17-6, unknown, unknown, unknown,23, write_cmd,0,2547604,8K,in,client
QP1A.191105.004, OPSS28.85-17-6, unknown, unknown, unknown,23, write_cmd,0,2153229,8K,in,client
QP1A.191105.004, OPSS28.85-17-6, unknown, unknown, unknown,23, write_cmd,0,2863541,8K,in,client
QP1A.191105.004, OPSS28.85-17-6, unknown, unknown, unknown,23, write_cmd,0,3049740,8K,in,client
QP1A.191105.004, OPSS28.85-17-6, unknown, unknown, unknown,23, write_cmd,0,5155157,8K,in,client
QP1A.191105.004, OPSS28.85-17-6, unknown, unknown, unknown,23, write_cmd,0,5077396,8K,in,client
QP1A.191105.004, OPSS28.85-17-6, unknown, unknown, unknown,23, write_cmd,0,5603959,8K,in,client
QP1A.191105.004, OPSS28.85-17-6, unknown, unknown, unknown,23, write_cmd,0,5526979,8K,in,client
QP1A.191105.004, OPSS28.85-17-6, unknown, unknown, unknown,23, write_cmd,0,2683177,8K,in,client
QP1A.191105.004, OPSS28.85-17-6, unknown, unknown, unknown,23, write_cmd,0,2398333,8K,in,client
QP1A.191105.004, OPSS28.85-17-6, unknown, unknown, unknown,23, write_cmd,0,2389167,8K,in,client
QP1A.191105.004, OPSS28.85-17-6, unknown, unknown, unknown,23, write_cmd,0,2447708,8K,in,client
QP1A.191105.004, OPSS28.85-17-6, unknown, unknown, unknown,23, write_cmd,0,2385730,8K,in,client
QP1A.191105.004, OPSS28.85-17-6, unknown, unknown, unknown,23, write_cmd,0,2315416,8K,in,client
QP1A.191105.004, OPSS28.85-17-6, unknown, unknown, unknown,23, write_cmd,0,2543177,8K,in,client
QP1A.191105.004, OPSS28.85-17-6, unknown, unknown, unknown,23, write_cmd,0,2145001,8K,in,client
QP1A.191105.004, OPSS28.85-17-6, unknown, unknown, unknown,23, write_cmd,0,2174948,8K,in,client
QP1A.191105.004, OPSS28.85-17-6, unknown, unknown, unknown,23, write_cmd,0,1710469,8K,in,client
QP1A.191105.004, OPSS28.85-17-6, unknown, unknown, unknown,23, write_cmd,0,1699114,8K,in,client
QP1A.191105.004, OPSS28.85-17-6, unknown, unknown, unknown,23, write_cmd,0,1409792,8K,in,client
QP1A.191105.004, OPSS28.85-17-6, unknown, unknown, unknown,23, write_cmd,0,3403854,8K,in,client
QP1A.191105.004, OPSS28.85-17-6, unknown, unknown, unknown,23, write_cmd,0,2823021,8K,in,client
QP1A.191105.004, OPSS28.85-17-6, unknown, unknown, unknown,23, write_cmd,0,2120313,8K,in,client
QP1A.191105.004, OPSS28.85-17-6, unknown, unknown, unknown,23, write_cmd,0,2560365,8K,in,client
QP1A.191105.004, OPSS28.85-17-6, unknown, unknown, unknown,23, write_cmd,0,4087813,8K,in,client
QP1A.191105.004, OPSS28.85-17-6, unknown, unknown, unknown,23, write_cmd,0,4302084,8K,in,client
QP1A.191105.004, OPSS28.85-17-6, unknown, unknown, unknown,23, write_cmd,0,4706250,8K,in,client
QP1A.191105.004, OPSS28.85-17-6, unknown, unknown, unknown,23, write_cmd,0,6366563,8K,in,client
QP1A.191105.004, OPSS28.85-17-6, unknown, unknown, unknown,23, write_cmd,0,3995573,8K,in,client
QP1A.191105.004, OPSS28.85-17-6, unknown, unknown, unknown,23, write_cmd,0,3039167,8K,in,client
QP1A.191105.004, OPSS28.85-17-6, unknown, unknown, unknown,23, write_cmd,0,2858438,8K,in,client
QP1A.191105.004, OPSS28.85-17-6, unknown, unknown, unknown,23, write_cmd,0,3240626,8K,in,client
QP1A.191105.004, OPSS28.85-17-6, unknown, unknown, unknown,23, write_cmd,0,3918802,8K,in,client
QP1A.191105.004, OPSS28.85-17-6, unknown, unknown, unknown,23, write_cmd,0,4176042,8K,in,client
QP1A.191105.004, OPSS28.85-17-6, unknown, unknown, unknown,23, write_cmd,0,4196719,8K,in,client
QP1A.191105.004, OPSS28.85-17-6, unknown, unknown, unknown,23, write_cmd,0,3731042,8K,in,client
QP1A.191105.004, OPSS28.85-17-6, unknown, unknown, unknown,23, write_cmd,0,2934740,8K,in,client
QP1A.191105.004, OPSS28.85-17-6, unknown, unknown, unknown,23, write_cmd,0,3044324,8K,in,client
QP1A.191105.004, OPSS28.85-17-6, unknown, unknown, unknown,23, write_cmd,0,2926511,8K,in,client
QP1A.191105.004, OPSS28.85-17-6, unknown, unknown, unknown,23, write_cmd,0,3025990,8K,in,client
QP1A.191105.004, OPSS28.85-17-6, unknown, unknown, unknown,23, write_cmd,0,2759480,8K,in,client
QP1A.191105.004, OPSS28.85-17-6, unknown, unknown, unknown,23, write_cmd,0,3027396,8K,in,client
QP1A.191105.004, OPSS28.85-17-6, unknown, unknown, unknown,23, write_cmd,0,3452709,8K,in,client
QP1A.191105.004, OPSS28.85-17-6, unknown, unknown, unknown,23, write_cmd,0,3245365,8K,in,client
QP1A.191105.004, OPSS28.85-17-6, unknown, unknown, unknown,23, write_cmd,0,2767604,8K,in,client
QP1A.191105.004, OPSS28.85-17-6, unknown, unknown, unknown,23, write_cmd,0,2930417,8K,in,client
QP1A.191105.004, OPSS28.85-17-6, unknown, unknown, unknown,23, write_cmd,0,3183385,8K,in,client
QP1A.191105.004, OPSS28.85-17-6, unknown, unknown, unknown,23, write_cmd,0,2817500,8K,in,client
QP1A.191105.004, OPSS28.85-17-6, unknown, unknown, unknown,23, write_cmd,0,2827605,8K,in,client
QP1A.191105.004, OPSS28.85-17-6, unknown, unknown, unknown,23, write_cmd,0,4032709,8K,in,client
QP1A.191105.004, OPSS28.85-17-6, unknown, unknown, unknown,23, write_cmd,0,3463594,8K,in,client
QP1A.191105.004, OPSS28.85-17-6, unknown, unknown, unknown,23, write_cmd,0,3131511,8K,in,client
QP1A.191105.004, OPSS28.85-17-6, unknown, unknown, unknown,23, write_cmd,0,2960313,8K,in,client
QP1A.191105.004, OPSS28.85-17-6, unknown, unknown, unknown,23, write_cmd,0,3292240,8K,in,client
QP1A.191105.004, OPSS28.85-17-6, unknown, unknown, unknown,23, write_cmd,0,3519844,8K,in,client
QP1A.191105.004, OPSS28.85-17-6, unknown, unknown, unknown,23, write_cmd,0,3639272,8K,in,client
QP1A.191105.004, OPSS28.85-17-6, unknown, unknown, unknown,23, write_cmd,0,3486927,8K,in,client
QP1A.191105.004, OPSS28.85-17-6, unknown, unknown, unknown,23, write_cmd,0,2942552,8K,in,client
QP1A.191105.004, OPSS28.85-17-6, unknown, unknown, unknown,23, write_cmd,0,4236251,8K,in,client
QP1A.191105.004, OPSS28.85-17-6, unknown, unknown, unknown,23, write_cmd,0,2693177,8K,in,client
QP1A.191105.004, OPSS28.85-17-6, unknown, unknown, unknown,23, write_cmd,0,3012969,8K,in,client
QP1A.191105.004, OPSS28.85-17-6, unknown, unknown, unknown,23, write_cmd,0,3063074,8K,in,client
QP1A.191105.004, OPSS28.85-17-6, unknown, unknown, unknown,23, write_cmd,0,2715157,8K,in,client
QP1A.191105.004, OPSS28.85-17-6, unknown, unknown, unknown,23, write_cmd,0,2984271,8K,in,client
QP1A.191105.004, OPSS28.85-17-6, unknown, unknown, unknown,23, write_cmd,0,2972032,8K,in,client
QP1A.191105.004, OPSS28.85-17-6, unknown, unknown, unknown,23, write_cmd,0,4080104,8K,in,client
QP1A.191105.004, OPSS28.85-17-6, unknown, unknown, unknown,23, write_cmd,0,2821823,8K,in,client
QP1A.191105.004, OPSS28.85-17-6, unknown, unknown, unknown,23, write_cmd,0,3296667,8K,in,client
QP1A.191105.004, OPSS28.85-17-6, unknown, unknown, unknown,23, write_cmd,0,3175781,8K,in,client
QP1A.191105.004, OPSS28.85-17-6, unknown, unknown, unknown,23, write_cmd,0,2844636,8K,in,client
QP1A.191105.004, OPSS28.85-17-6, unknown, unknown, unknown,23, write_cmd,0,3946719,8K,in,client
QP1A.191105.004, OPSS28.85-17-6, unknown, unknown, unknown,23, write_cmd,0,4067083,8K,in,client
QP1A.191105.004, OPSS28.85-17-6, unknown, unknown, unknown,23, write_cmd,0,2783021,8K,in,client
QP1A.191105.004, OPSS28.85-17-6, unknown, unknown, unknown,23, write_cmd,0,3337865,8K,in,client
QP1A.191105.004, OPSS28.85-17-6, unknown, unknown, unknown,23, write_cmd,0,3408959,8K,in,client
QP1A.191105.004, OPSS28.85-17-6, unknown, unknown, unknown,23, write_cmd,0,2132917,8K,in,client
QP1A.191105.004, OPSS28.85-17-6, unknown, unknown, unknown,23, write_cmd,0,2290729,8K,in,client
QP1A.191105.004, OPSS28.85-17-6, unknown, unknown, unknown,23, write_cmd,0,2629688,8K,in,client
QP1A.191105.004, OPSS28.85-17-6, unknown, unknown, unknown,23, write_cmd,0,2208646,8K,in,client
QP1A.191105.004, OPSS28.85-17-6, unknown, unknown, unknown,23, write_cmd,0,1786042,8K,in,client
QP1A.191105.004, OPSS28.85-17-6, unknown, unknown, unknown,23, write_cmd,0,2149532,8K,in,client
QP1A.191105.004, OPSS28.85-17-6, unknown, unknown, unknown,23, write_cmd,0,1493386,8K,in,client
QP1A.191105.004, OPSS28.85-17-6, unknown, unknown, unknown,23, write_cmd,0,2977083,8K,in,client
QP1A.191105.004, OPSS28.85-17-6, unknown, unknown, unknown,23, write_cmd,0,3045886,8K,in,client
QP1A.191105.004, OPSS28.85-17-6, unknown, unknown, unknown,23, write_cmd,0,3128594,8K,in,client
QP1A.191105.004, OPSS28.85-17-6, unknown, unknown, unknown,23, write_cmd,0,3318854,8K,in,client
QP1A.191105.004, OPSS28.85-17-6, unknown, unknown, unknown,23, write_cmd,0,2695469,8K,in,client
QP1A.191105.004, OPSS28.85-17-6, unknown, unknown, unknown,23, write_cmd,0,2647344,8K,in,client
QP1A.191105.004, OPSS28.85-17-6, unknown, unknown, unknown,23, write_cmd,0,2001042,8K,in,client
QP1A.191105.004, OPSS28.85-17-6, unknown, unknown, unknown,23, write_cmd,0,2385105,8K,in,client
QP1A.191105.004, OPSS28.85-17-6, unknown, unknown, unknown,23, write_cmd,0,1646250,8K,in,client
QP1A.191105.004, OPSS28.85-17-6, unknown, unknown, unknown,23, write_cmd,0,2908698,8K,in,client
QP1A.191105.004, OPSS28.85-17-6, unknown, unknown, unknown,23, write_cmd,0,2805990,8K,in,client
QP1A.191105.004, OPSS28.85-17-6, unknown, unknown, unknown,23, write_cmd,0,5919792,8K,in,client
QP1A.191105.004, OPSS28.85-17-6, unknown, unknown, unknown,23, write_cmd,0,2457188,8K,in,client
QP1A.191105.004, OPSS28.85-17-6, unknown, unknown, unknown,23, write_cmd,0,2349271,8K,in,client
QP1A.191105.004, OPSS28.85-17-6, unknown, unknown, unknown,23, write_cmd,0,2484427,8K,in,client
QP1A.191105.004, OPSS28.85-17-6, unknown, unknown, unknown,23, write_cmd,0,2764844,8K,in,client
QP1A.191105.004, OPSS28.85-17-6, unknown, unknown, unknown,23, write_cmd,0,3629844,8K,in,client
QP1A.191105.004, OPSS28.85-17-6, unknown, unknown, unknown,23, write_cmd,0,1730730,8K,in,client
QP1A.191105.004, OPSS28.85-17-6, unknown, unknown, unknown,23, write_cmd,0,1396511,8K,in,client
QP1A.191105.004, OPSS28.85-17-6, unknown, unknown, unknown,23, write_cmd,0,1727865,8K,in,client
QP1A.191105.004, OPSS28.85-17-6, unknown, unknown, unknown,23, write_cmd,0,1147448,8K,in,client
QP1A.191105.004, OPSS28.85-17-6, unknown, unknown, unknown,23, write_cmd,0,1247605,8K,in,client
QP1A.191105.004, OPSS28.85-17-6, unknown, unknown, unknown,23, write_cmd,0,1564167,8K,in,client
QP1A.191105.004, OPSS28.85-17-6, unknown, unknown, unknown,23, write_cmd,0,1170729,8K,in,client
QP1A.191105.004, OPSS28.85-17-6, unknown, unknown, unknown,23, write_cmd,0,3409897,8K,in,client
QP1A.191105.004, OPSS28.85-17-6, unknown, unknown, unknown,23, write_cmd,0,2389896,8K,in,client
QP1A.191105.004, OPSS28.85-17-6, unknown, unknown, unknown,23, write_cmd,0,3201302,8K,in,client
QP1A.191105.004, OPSS28.85-17-6, unknown, unknown, unknown,23, write_cmd,0,1432761,8K,in,client
QP1A.191105.004, OPSS28.85-17-6, unknown, unknown, unknown,23, write_cmd,0,1443021,8K,in,client
QP1A.191105.004, OPSS28.85-17-6, unknown, unknown, unknown,23, write_cmd,0,651562,8K,in,client
QP1A.191105.004, OPSS28.85-17-6, unknown, unknown, unknown,23, write_cmd,0,588802,8K,in,client
QP1A.191105.004, OPSS28.85-17-6, unknown, unknown, unknown,23, write_cmd,0,1591198,8K,in,client
QP1A.191105.004, OPSS28.85-17-6, unknown, unknown, unknown,23, write_cmd,0,1606875,8K,in,client
QP1A.191105.004, OPSS28.85-17-6, unknown, unknown, unknown,23, write_cmd,0,1167709,8K,in,client
QP1A.191105.004, OPSS28.85-17-6, unknown, unknown, unknown,23, write_cmd,0,619271,8K,in,client
QP1A.191105.004, OPSS28.85-17-6, unknown, unknown, unknown,23, write_cmd,0,651458,8K,in,client
QP1A.191105.004, OPSS28.85-17-6, unknown, unknown, unknown,23, write_cmd,0,629948,8K,in,client
QP1A.191105.004, OPSS28.85-17-6, unknown, unknown, unknown,23, write_cmd,0,575781,8K,in,client
QP1A.191105.004, OPSS28.85-17-6, unknown, unknown, unknown,23, write_cmd,0,697865,8K,in,client
QP1A.191105.004, OPSS28.85-17-6, unknown, unknown, unknown,23, write_cmd,0,645052,8K,in,client
QP1A.191105.004, OPSS28.85-17-6, unknown, unknown, unknown,23, write_cmd,0,751250,8K,in,client
QP1A.191105.004, OPSS28.85-17-6, unknown, unknown, unknown,23, write_cmd,0,1016354,8K,in,client
QP1A.191105.004, OPSS28.85-17-6, unknown, unknown, unknown,23, write_cmd,0,583959,8K,in,client
QP1A.191105.004, OPSS28.85-17-6, unknown, unknown, unknown,23, write_cmd,0,536875,8K,in,client
QP1A.191105.004, OPSS28.85-17-6, unknown, unknown, unknown,23, write_cmd,0,586459,8K,in,client
QP1A.191105.004, OPSS28.85-17-6, unknown, unknown, unknown,23, write_cmd,0,556667,8K,in,client
QP1A.191105.004, OPSS28.85-17-6, unknown, unknown, unknown,23, write_cmd,0,554219,8K,in,client
QP1A.191105.004, OPSS28.85-17-6, unknown, unknown, unknown,23, write_cmd,0,537447,8K,in,client
QP1A.191105.004, OPSS28.85-17-6, unknown, unknown, unknown,23, write_cmd,0,520260,8K,in,client
QP1A.191105.004, OPSS28.85-17-6, unknown, unknown, unknown,23, write_cmd,0,571667,8K,in,client
QP1A.191105.004, OPSS28.85-17-6, unknown, unknown, unknown,23, write_cmd,0,2125469,8K,in,client
QP1A.191105.004, OPSS28.85-17-6, unknown, unknown, unknown,23, write_cmd,0,2231250,8K,in,client
