client_device_id, server_device_id, phone_vendor, bt_version, bt_vendor, mtu, comm_method, conn_int, jitter
OPSS28.85-17-6, PPR1.180610.011.A505USQU3ASL6, unknown, unknown, unknown, 23, write_cmd,0,2356500
OPSS28.85-17-6, PPR1.180610.011.A505USQU3ASL6, unknown, unknown, unknown, 23, write_cmd,0,42459231
OPSS28.85-17-6, PPR1.180610.011.A505USQU3ASL6, unknown, unknown, unknown, 23, write_cmd,0,92735808
OPSS28.85-17-6, PPR1.180610.011.A505USQU3ASL6, unknown, unknown, unknown, 23, write_cmd,0,95572461
OPSS28.85-17-6, PPR1.180610.011.A505USQU3ASL6, unknown, unknown, unknown, 23, write_cmd,0,141928077
OPSS28.85-17-6, PPR1.180610.011.A505USQU3ASL6, unknown, unknown, unknown, 23, write_cmd,0,143901077
OPSS28.85-17-6, PPR1.180610.011.A505USQU3ASL6, unknown, unknown, unknown, 23, write_cmd,0,238101077
OPSS28.85-17-6, PPR1.180610.011.A505USQU3ASL6, unknown, unknown, unknown, 23, write_cmd,0,240553500
OPSS28.85-17-6, PPR1.180610.011.A505USQU3ASL6, unknown, unknown, unknown, 23, write_cmd,0,417942307
OPSS28.85-17-6, PPR1.180610.011.A505USQU3ASL6, unknown, unknown, unknown, 23, write_cmd,0,554751115
OPSS28.85-17-6, PPR1.180610.011.A505USQU3ASL6, unknown, unknown, unknown, 23, write_cmd,0,556320538
OPSS28.85-17-6, PPR1.180610.011.A505USQU3ASL6, unknown, unknown, unknown, 23, write_cmd,0,596674769
OPSS28.85-17-6, PPR1.180610.011.A505USQU3ASL6, unknown, unknown, unknown, 23, write_cmd,0,597916038
OPSS28.85-17-6, PPR1.180610.011.A505USQU3ASL6, unknown, unknown, unknown, 23, write_cmd,0,642835346
OPSS28.85-17-6, PPR1.180610.011.A505USQU3ASL6, unknown, unknown, unknown, 23, write_cmd,0,643952307
OPSS28.85-17-6, PPR1.180610.011.A505USQU3ASL6, unknown, unknown, unknown, 23, write_cmd,0,777321576
OPSS28.85-17-6, PPR1.180610.011.A505USQU3ASL6, unknown, unknown, unknown, 23, write_cmd,0,778601038
OPSS28.85-17-6, PPR1.180610.011.A505USQU3ASL6, unknown, unknown, unknown, 23, write_cmd,0,912911268
OPSS28.85-17-6, PPR1.180610.011.A505USQU3ASL6, unknown, unknown, unknown, 23, write_cmd,0,914567307
OPSS28.85-17-6, PPR1.180610.011.A505USQU3ASL6, unknown, unknown, unknown, 23, write_cmd,0,958023345
OPSS28.85-17-6, PPR1.180610.011.A505USQU3ASL6, unknown, unknown, unknown, 23, write_cmd,0,959365961
OPSS28.85-17-6, PPR1.180610.011.A505USQU3ASL6, unknown, unknown, unknown, 23, write_cmd,0,1046691538
OPSS28.85-17-6, PPR1.180610.011.A505USQU3ASL6, unknown, unknown, unknown, 23, write_cmd,0,1047886307
OPSS28.85-17-6, PPR1.180610.011.A505USQU3ASL6, unknown, unknown, unknown, 23, write_cmd,0,1092555922
OPSS28.85-17-6, PPR1.180610.011.A505USQU3ASL6, unknown, unknown, unknown, 23, write_cmd,0,1093924499
OPSS28.85-17-6, PPR1.180610.011.A505USQU3ASL6, unknown, unknown, unknown, 23, write_cmd,0,1228538537
OPSS28.85-17-6, PPR1.180610.011.A505USQU3ASL6, unknown, unknown, unknown, 23, write_cmd,0,1231543345
OPSS28.85-17-6, PPR1.180610.011.A505USQU3ASL6, unknown, unknown, unknown, 23, write_cmd,0,1274599730
OPSS28.85-17-6, PPR1.180610.011.A505USQU3ASL6, unknown, unknown, unknown, 23, write_cmd,0,1276123961
OPSS28.85-17-6, PPR1.180610.011.A505USQU3ASL6, unknown, unknown, unknown, 23, write_cmd,0,1362664268
OPSS28.85-17-6, PPR1.180610.011.A505USQU3ASL6, unknown, unknown, unknown, 23, write_cmd,0,1364346422
OPSS28.85-17-6, PPR1.180610.011.A505USQU3ASL6, unknown, unknown, unknown, 23, write_cmd,0,1452640537
OPSS28.85-17-6, PPR1.180610.011.A505USQU3ASL6, unknown, unknown, unknown, 23, write_cmd,0,1455031922
OPSS28.85-17-6, PPR1.180610.011.A505USQU3ASL6, unknown, unknown, unknown, 23, write_cmd,0,1543047768
OPSS28.85-17-6, PPR1.180610.011.A505USQU3ASL6, unknown, unknown, unknown, 23, write_cmd,0,1544492345
OPSS28.85-17-6, PPR1.180610.011.A505USQU3ASL6, unknown, unknown, unknown, 23, write_cmd,0,1588198345
OPSS28.85-17-6, PPR1.180610.011.A505USQU3ASL6, unknown, unknown, unknown, 23, write_cmd,0,1678375806
OPSS28.85-17-6, PPR1.180610.011.A505USQU3ASL6, unknown, unknown, unknown, 23, write_cmd,0,1857863191
OPSS28.85-17-6, PPR1.180610.011.A505USQU3ASL6, unknown, unknown, unknown, 23, write_cmd,0,1859295652
OPSS28.85-17-6, PPR1.180610.011.A505USQU3ASL6, unknown, unknown, unknown, 23, write_cmd,0,1903633806
OPSS28.85-17-6, PPR1.180610.011.A505USQU3ASL6, unknown, unknown, unknown, 23, write_cmd,0,1906944268
OPSS28.85-17-6, PPR1.180610.011.A505USQU3ASL6, unknown, unknown, unknown, 23, write_cmd,0,1947515114
OPSS28.85-17-6, PPR1.180610.011.A505USQU3ASL6, unknown, unknown, unknown, 23, write_cmd,0,1948707037
OPSS28.85-17-6, PPR1.180610.011.A505USQU3ASL6, unknown, unknown, unknown, 23, write_cmd,0,1991487537
OPSS28.85-17-6, PPR1.180610.011.A505USQU3ASL6, unknown, unknown, unknown, 23, write_cmd,0,1992338883
OPSS28.85-17-6, PPR1.180610.011.A505USQU3ASL6, unknown, unknown, unknown, 23, write_cmd,0,2081391652
OPSS28.85-17-6, PPR1.180610.011.A505USQU3ASL6, unknown, unknown, unknown, 23, write_cmd,0,2082513921
OPSS28.85-17-6, PPR1.180610.011.A505USQU3ASL6, unknown, unknown, unknown, 23, write_cmd,0,2171185768
OPSS28.85-17-6, PPR1.180610.011.A505USQU3ASL6, unknown, unknown, unknown, 23, write_cmd,0,2172269614
OPSS28.85-17-6, PPR1.180610.011.A505USQU3ASL6, unknown, unknown, unknown, 23, write_cmd,0,2265137767
OPSS28.85-17-6, PPR1.180610.011.A505USQU3ASL6, unknown, unknown, unknown, 23, write_cmd,0,2267637537
OPSS28.85-17-6, PPR1.180610.011.A505USQU3ASL6, unknown, unknown, unknown, 23, write_cmd,0,2308272344
OPSS28.85-17-6, PPR1.180610.011.A505USQU3ASL6, unknown, unknown, unknown, 23, write_cmd,0,2310861267
OPSS28.85-17-6, PPR1.180610.011.A505USQU3ASL6, unknown, unknown, unknown, 23, write_cmd,0,2441360498
OPSS28.85-17-6, PPR1.180610.011.A505USQU3ASL6, unknown, unknown, unknown, 23, write_cmd,0,2442462037
OPSS28.85-17-6, PPR1.180610.011.A505USQU3ASL6, unknown, unknown, unknown, 23, write_cmd,0,2486528729
OPSS28.85-17-6, PPR1.180610.011.A505USQU3ASL6, unknown, unknown, unknown, 23, write_cmd,0,2487349690
OPSS28.85-17-6, PPR1.180610.011.A505USQU3ASL6, unknown, unknown, unknown, 23, write_cmd,0,2531622729
OPSS28.85-17-6, PPR1.180610.011.A505USQU3ASL6, unknown, unknown, unknown, 23, write_cmd,0,2576182921
OPSS28.85-17-6, PPR1.180610.011.A505USQU3ASL6, unknown, unknown, unknown, 23, write_cmd,0,2577533575
OPSS28.85-17-6, PPR1.180610.011.A505USQU3ASL6, unknown, unknown, unknown, 23, write_cmd,0,2624494998
OPSS28.85-17-6, PPR1.180610.011.A505USQU3ASL6, unknown, unknown, unknown, 23, write_cmd,0,2626292575
OPSS28.85-17-6, PPR1.180610.011.A505USQU3ASL6, unknown, unknown, unknown, 23, write_cmd,0,2715299190
OPSS28.85-17-6, PPR1.180610.011.A505USQU3ASL6, unknown, unknown, unknown, 23, write_cmd,0,2718118459
OPSS28.85-17-6, PPR1.180610.011.A505USQU3ASL6, unknown, unknown, unknown, 23, write_cmd,0,2804611382
OPSS28.85-17-6, PPR1.180610.011.A505USQU3ASL6, unknown, unknown, unknown, 23, write_cmd,0,2807147498
OPSS28.85-17-6, PPR1.180610.011.A505USQU3ASL6, unknown, unknown, unknown, 23, write_cmd,0,2892756113
OPSS28.85-17-6, PPR1.180610.011.A505USQU3ASL6, unknown, unknown, unknown, 23, write_cmd,0,2894250229
OPSS28.85-17-6, PPR1.180610.011.A505USQU3ASL6, unknown, unknown, unknown, 23, write_cmd,0,2936709536
OPSS28.85-17-6, PPR1.180610.011.A505USQU3ASL6, unknown, unknown, unknown, 23, write_cmd,0,2938540267
OPSS28.85-17-6, PPR1.180610.011.A505USQU3ASL6, unknown, unknown, unknown, 23, write_cmd,0,2981653267
OPSS28.85-17-6, PPR1.180610.011.A505USQU3ASL6, unknown, unknown, unknown, 23, write_cmd,0,3026426959
OPSS28.85-17-6, PPR1.180610.011.A505USQU3ASL6, unknown, unknown, unknown, 23, write_cmd,0,3027351382
OPSS28.85-17-6, PPR1.180610.011.A505USQU3ASL6, unknown, unknown, unknown, 23, write_cmd,0,3116165882
OPSS28.85-17-6, PPR1.180610.011.A505USQU3ASL6, unknown, unknown, unknown, 23, write_cmd,0,3119572305
OPSS28.85-17-6, PPR1.180610.011.A505USQU3ASL6, unknown, unknown, unknown, 23, write_cmd,0,3160460113
OPSS28.85-17-6, PPR1.180610.011.A505USQU3ASL6, unknown, unknown, unknown, 23, write_cmd,0,3162513075
OPSS28.85-17-6, PPR1.180610.011.A505USQU3ASL6, unknown, unknown, unknown, 23, write_cmd,0,3296906344
OPSS28.85-17-6, PPR1.180610.011.A505USQU3ASL6, unknown, unknown, unknown, 23, write_cmd,0,3340866036
OPSS28.85-17-6, PPR1.180610.011.A505USQU3ASL6, unknown, unknown, unknown, 23, write_cmd,0,3341708805
OPSS28.85-17-6, PPR1.180610.011.A505USQU3ASL6, unknown, unknown, unknown, 23, write_cmd,0,3386059267
OPSS28.85-17-6, PPR1.180610.011.A505USQU3ASL6, unknown, unknown, unknown, 23, write_cmd,0,3387394344
OPSS28.85-17-6, PPR1.180610.011.A505USQU3ASL6, unknown, unknown, unknown, 23, write_cmd,0,3479053920
OPSS28.85-17-6, PPR1.180610.011.A505USQU3ASL6, unknown, unknown, unknown, 23, write_cmd,0,3480688805
OPSS28.85-17-6, PPR1.180610.011.A505USQU3ASL6, unknown, unknown, unknown, 23, write_cmd,0,3526775844
OPSS28.85-17-6, PPR1.180610.011.A505USQU3ASL6, unknown, unknown, unknown, 23, write_cmd,0,3530445459
OPSS28.85-17-6, PPR1.180610.011.A505USQU3ASL6, unknown, unknown, unknown, 23, write_cmd,0,3612756305
OPSS28.85-17-6, PPR1.180610.011.A505USQU3ASL6, unknown, unknown, unknown, 23, write_cmd,0,3614650036
OPSS28.85-17-6, PPR1.180610.011.A505USQU3ASL6, unknown, unknown, unknown, 23, write_cmd,0,3657646382
OPSS28.85-17-6, PPR1.180610.011.A505USQU3ASL6, unknown, unknown, unknown, 23, write_cmd,0,3658592036
OPSS28.85-17-6, PPR1.180610.011.A505USQU3ASL6, unknown, unknown, unknown, 23, write_cmd,0,3701998690
OPSS28.85-17-6, PPR1.180610.011.A505USQU3ASL6, unknown, unknown, unknown, 23, write_cmd,0,3703207728
OPSS28.85-17-6, PPR1.180610.011.A505USQU3ASL6, unknown, unknown, unknown, 23, write_cmd,0,3759006920
OPSS28.85-17-6, PPR1.180610.011.A505USQU3ASL6, unknown, unknown, unknown, 23, write_cmd,0,3760345882
OPSS28.85-17-6, PPR1.180610.011.A505USQU3ASL6, unknown, unknown, unknown, 23, write_cmd,0,3793150920
OPSS28.85-17-6, PPR1.180610.011.A505USQU3ASL6, unknown, unknown, unknown, 23, write_cmd,0,3794713151
OPSS28.85-17-6, PPR1.180610.011.A505USQU3ASL6, unknown, unknown, unknown, 23, write_cmd,0,3838506805
OPSS28.85-17-6, PPR1.180610.011.A505USQU3ASL6, unknown, unknown, unknown, 23, write_cmd,0,3840233189
OPSS28.85-17-6, PPR1.180610.011.A505USQU3ASL6, unknown, unknown, unknown, 23, write_cmd,0,3885071997
OPSS28.85-17-6, PPR1.180610.011.A505USQU3ASL6, unknown, unknown, unknown, 23, write_cmd,0,3887433497
OPSS28.85-17-6, PPR1.180610.011.A505USQU3ASL6, unknown, unknown, unknown, 23, write_cmd,0,3930340843
OPSS28.85-17-6, PPR1.180610.011.A505USQU3ASL6, unknown, unknown, unknown, 23, write_cmd,0,3933378612
OPSS28.85-17-6, PPR1.180610.011.A505USQU3ASL6, unknown, unknown, unknown, 23, write_cmd,0,4019380997
OPSS28.85-17-6, PPR1.180610.011.A505USQU3ASL6, unknown, unknown, unknown, 23, write_cmd,0,4021749651
OPSS28.85-17-6, PPR1.180610.011.A505USQU3ASL6, unknown, unknown, unknown, 23, write_cmd,0,4065096805
OPSS28.85-17-6, PPR1.180610.011.A505USQU3ASL6, unknown, unknown, unknown, 23, write_cmd,0,4067401574
OPSS28.85-17-6, PPR1.180610.011.A505USQU3ASL6, unknown, unknown, unknown, 23, write_cmd,0,4110525689
OPSS28.85-17-6, PPR1.180610.011.A505USQU3ASL6, unknown, unknown, unknown, 23, write_cmd,0,4113912997
OPSS28.85-17-6, PPR1.180610.011.A505USQU3ASL6, unknown, unknown, unknown, 23, write_cmd,0,4155493766
OPSS28.85-17-6, PPR1.180610.011.A505USQU3ASL6, unknown, unknown, unknown, 23, write_cmd,0,4157795574
OPSS28.85-17-6, PPR1.180610.011.A505USQU3ASL6, unknown, unknown, unknown, 23, write_cmd,0,4200143497
OPSS28.85-17-6, PPR1.180610.011.A505USQU3ASL6, unknown, unknown, unknown, 23, write_cmd,0,4202407881
OPSS28.85-17-6, PPR1.180610.011.A505USQU3ASL6, unknown, unknown, unknown, 23, write_cmd,0,4244405997
OPSS28.85-17-6, PPR1.180610.011.A505USQU3ASL6, unknown, unknown, unknown, 23, write_cmd,0,4246503805
OPSS28.85-17-6, PPR1.180610.011.A505USQU3ASL6, unknown, unknown, unknown, 23, write_cmd,0,4290235074
OPSS28.85-17-6, PPR1.180610.011.A505USQU3ASL6, unknown, unknown, unknown, 23, write_cmd,0,4292903151
OPSS28.85-17-6, PPR1.180610.011.A505USQU3ASL6, unknown, unknown, unknown, 23, write_cmd,0,4335827189
OPSS28.85-17-6, PPR1.180610.011.A505USQU3ASL6, unknown, unknown, unknown, 23, write_cmd,0,4338161035
OPSS28.85-17-6, PPR1.180610.011.A505USQU3ASL6, unknown, unknown, unknown, 23, write_cmd,0,4427991266
OPSS28.85-17-6, PPR1.180610.011.A505USQU3ASL6, unknown, unknown, unknown, 23, write_cmd,0,4432451151
OPSS28.85-17-6, PPR1.180610.011.A505USQU3ASL6, unknown, unknown, unknown, 23, write_cmd,0,4483813112
OPSS28.85-17-6, PPR1.180610.011.A505USQU3ASL6, unknown, unknown, unknown, 23, write_cmd,0,4485832189
OPSS28.85-17-6, PPR1.180610.011.A505USQU3ASL6, unknown, unknown, unknown, 23, write_cmd,0,4512088843
OPSS28.85-17-6, PPR1.180610.011.A505USQU3ASL6, unknown, unknown, unknown, 23, write_cmd,0,4513304035
OPSS28.85-17-6, PPR1.180610.011.A505USQU3ASL6, unknown, unknown, unknown, 23, write_cmd,0,4559922266
OPSS28.85-17-6, PPR1.180610.011.A505USQU3ASL6, unknown, unknown, unknown, 23, write_cmd,0,4561902497
OPSS28.85-17-6, PPR1.180610.011.A505USQU3ASL6, unknown, unknown, unknown, 23, write_cmd,0,4602455035
OPSS28.85-17-6, PPR1.180610.011.A505USQU3ASL6, unknown, unknown, unknown, 23, write_cmd,0,4603926497
OPSS28.85-17-6, PPR1.180610.011.A505USQU3ASL6, unknown, unknown, unknown, 23, write_cmd,0,4650612573
OPSS28.85-17-6, PPR1.180610.011.A505USQU3ASL6, unknown, unknown, unknown, 23, write_cmd,0,4653717766
OPSS28.85-17-6, PPR1.180610.011.A505USQU3ASL6, unknown, unknown, unknown, 23, write_cmd,0,4656056227
OPSS28.85-17-6, PPR1.180610.011.A505USQU3ASL6, unknown, unknown, unknown, 23, write_cmd,0,4658492112
OPSS28.85-17-6, PPR1.180610.011.A505USQU3ASL6, unknown, unknown, unknown, 23, write_cmd,0,4660810612
OPSS28.85-17-6, PPR1.180610.011.A505USQU3ASL6, unknown, unknown, unknown, 23, write_cmd,0,4663172689
OPSS28.85-17-6, PPR1.180610.011.A505USQU3ASL6, unknown, unknown, unknown, 23, write_cmd,0,4666515189
OPSS28.85-17-6, PPR1.180610.011.A505USQU3ASL6, unknown, unknown, unknown, 23, write_cmd,0,4668377227
OPSS28.85-17-6, PPR1.180610.011.A505USQU3ASL6, unknown, unknown, unknown, 23, write_cmd,0,4671562535
OPSS28.85-17-6, PPR1.180610.011.A505USQU3ASL6, unknown, unknown, unknown, 23, write_cmd,0,4678234381
OPSS28.85-17-6, PPR1.180610.011.A505USQU3ASL6, unknown, unknown, unknown, 23, write_cmd,0,4680017343
OPSS28.85-17-6, PPR1.180610.011.A505USQU3ASL6, unknown, unknown, unknown, 23, write_cmd,0,4681542997
OPSS28.85-17-6, PPR1.180610.011.A505USQU3ASL6, unknown, unknown, unknown, 23, write_cmd,0,4682530920
OPSS28.85-17-6, PPR1.180610.011.A505USQU3ASL6, unknown, unknown, unknown, 23, write_cmd,0,4683408189
OPSS28.85-17-6, PPR1.180610.011.A505USQU3ASL6, unknown, unknown, unknown, 23, write_cmd,0,4684273727
OPSS28.85-17-6, PPR1.180610.011.A505USQU3ASL6, unknown, unknown, unknown, 23, write_cmd,0,4685180420
OPSS28.85-17-6, PPR1.180610.011.A505USQU3ASL6, unknown, unknown, unknown, 23, write_cmd,0,4686152958
OPSS28.85-17-6, PPR1.180610.011.A505USQU3ASL6, unknown, unknown, unknown, 23, write_cmd,0,4687005266
OPSS28.85-17-6, PPR1.180610.011.A505USQU3ASL6, unknown, unknown, unknown, 23, write_cmd,0,4687869650
OPSS28.85-17-6, PPR1.180610.011.A505USQU3ASL6, unknown, unknown, unknown, 23, write_cmd,0,4688829535
OPSS28.85-17-6, PPR1.180610.011.A505USQU3ASL6, unknown, unknown, unknown, 23, write_cmd,0,4689816958
OPSS28.85-17-6, PPR1.180610.011.A505USQU3ASL6, unknown, unknown, unknown, 23, write_cmd,0,4690767035
OPSS28.85-17-6, PPR1.180610.011.A505USQU3ASL6, unknown, unknown, unknown, 23, write_cmd,0,4691704612
OPSS28.85-17-6, PPR1.180610.011.A505USQU3ASL6, unknown, unknown, unknown, 23, write_cmd,0,4692620727
OPSS28.85-17-6, PPR1.180610.011.A505USQU3ASL6, unknown, unknown, unknown, 23, write_cmd,0,4693514573
OPSS28.85-17-6, PPR1.180610.011.A505USQU3ASL6, unknown, unknown, unknown, 23, write_cmd,0,4694451189
OPSS28.85-17-6, PPR1.180610.011.A505USQU3ASL6, unknown, unknown, unknown, 23, write_cmd,0,4695320920
OPSS28.85-17-6, PPR1.180610.011.A505USQU3ASL6, unknown, unknown, unknown, 23, write_cmd,0,4696276381
OPSS28.85-17-6, PPR1.180610.011.A505USQU3ASL6, unknown, unknown, unknown, 23, write_cmd,0,4697213958
OPSS28.85-17-6, PPR1.180610.011.A505USQU3ASL6, unknown, unknown, unknown, 23, write_cmd,0,4698108189
OPSS28.85-17-6, PPR1.180610.011.A505USQU3ASL6, unknown, unknown, unknown, 23, write_cmd,0,4698886920
OPSS28.85-17-6, PPR1.180610.011.A505USQU3ASL6, unknown, unknown, unknown, 23, write_cmd,0,4699664573
OPSS28.85-17-6, PPR1.180610.011.A505USQU3ASL6, unknown, unknown, unknown, 23, write_cmd,0,4700422381
OPSS28.85-17-6, PPR1.180610.011.A505USQU3ASL6, unknown, unknown, unknown, 23, write_cmd,0,4701094958
OPSS28.85-17-6, PPR1.180610.011.A505USQU3ASL6, unknown, unknown, unknown, 23, write_cmd,0,4701944881
OPSS28.85-17-6, PPR1.180610.011.A505USQU3ASL6, unknown, unknown, unknown, 23, write_cmd,0,4702664112
OPSS28.85-17-6, PPR1.180610.011.A505USQU3ASL6, unknown, unknown, unknown, 23, write_cmd,0,4703389958
OPSS28.85-17-6, PPR1.180610.011.A505USQU3ASL6, unknown, unknown, unknown, 23, write_cmd,0,4704102997
OPSS28.85-17-6, PPR1.180610.011.A505USQU3ASL6, unknown, unknown, unknown, 23, write_cmd,0,4704810073
OPSS28.85-17-6, PPR1.180610.011.A505USQU3ASL6, unknown, unknown, unknown, 23, write_cmd,0,4705587266
OPSS28.85-17-6, PPR1.180610.011.A505USQU3ASL6, unknown, unknown, unknown, 23, write_cmd,0,4706369381
OPSS28.85-17-6, PPR1.180610.011.A505USQU3ASL6, unknown, unknown, unknown, 23, write_cmd,0,4707088766
OPSS28.85-17-6, PPR1.180610.011.A505USQU3ASL6, unknown, unknown, unknown, 23, write_cmd,0,4707760150
OPSS28.85-17-6, PPR1.180610.011.A505USQU3ASL6, unknown, unknown, unknown, 23, write_cmd,0,4708432573
OPSS28.85-17-6, PPR1.180610.011.A505USQU3ASL6, unknown, unknown, unknown, 23, write_cmd,0,4739560727
OPSS28.85-17-6, PPR1.180610.011.A505USQU3ASL6, unknown, unknown, unknown, 23, write_cmd,0,4741713612
OPSS28.85-17-6, PPR1.180610.011.A505USQU3ASL6, unknown, unknown, unknown, 23, write_cmd,0,4743521612
OPSS28.85-17-6, PPR1.180610.011.A505USQU3ASL6, unknown, unknown, unknown, 23, write_cmd,0,4745200727
OPSS28.85-17-6, PPR1.180610.011.A505USQU3ASL6, unknown, unknown, unknown, 23, write_cmd,0,4747050843
OPSS28.85-17-6, PPR1.180610.011.A505USQU3ASL6, unknown, unknown, unknown, 23, write_cmd,0,4748481150
OPSS28.85-17-6, PPR1.180610.011.A505USQU3ASL6, unknown, unknown, unknown, 23, write_cmd,0,4749481689
OPSS28.85-17-6, PPR1.180610.011.A505USQU3ASL6, unknown, unknown, unknown, 23, write_cmd,0,4750417727
OPSS28.85-17-6, PPR1.180610.011.A505USQU3ASL6, unknown, unknown, unknown, 23, write_cmd,0,4751344881
OPSS28.85-17-6, PPR1.180610.011.A505USQU3ASL6, unknown, unknown, unknown, 23, write_cmd,0,4752288266
OPSS28.85-17-6, PPR1.180610.011.A505USQU3ASL6, unknown, unknown, unknown, 23, write_cmd,0,4753218612
OPSS28.85-17-6, PPR1.180610.011.A505USQU3ASL6, unknown, unknown, unknown, 23, write_cmd,0,4754244112
OPSS28.85-17-6, PPR1.180610.011.A505USQU3ASL6, unknown, unknown, unknown, 23, write_cmd,0,4755178458
OPSS28.85-17-6, PPR1.180610.011.A505USQU3ASL6, unknown, unknown, unknown, 23, write_cmd,0,4756096035
OPSS28.85-17-6, PPR1.180610.011.A505USQU3ASL6, unknown, unknown, unknown, 23, write_cmd,0,4756942612
OPSS28.85-17-6, PPR1.180610.011.A505USQU3ASL6, unknown, unknown, unknown, 23, write_cmd,0,4757906189
OPSS28.85-17-6, PPR1.180610.011.A505USQU3ASL6, unknown, unknown, unknown, 23, write_cmd,0,4758703958
OPSS28.85-17-6, PPR1.180610.011.A505USQU3ASL6, unknown, unknown, unknown, 23, write_cmd,0,4759504304
OPSS28.85-17-6, PPR1.180610.011.A505USQU3ASL6, unknown, unknown, unknown, 23, write_cmd,0,4783929150
OPSS28.85-17-6, PPR1.180610.011.A505USQU3ASL6, unknown, unknown, unknown, 23, write_cmd,0,4784979766
OPSS28.85-17-6, PPR1.180610.011.A505USQU3ASL6, unknown, unknown, unknown, 23, write_cmd,0,4785889766
OPSS28.85-17-6, PPR1.180610.011.A505USQU3ASL6, unknown, unknown, unknown, 23, write_cmd,0,4786753996
OPSS28.85-17-6, PPR1.180610.011.A505USQU3ASL6, unknown, unknown, unknown, 23, write_cmd,0,4829115996
OPSS28.85-17-6, PPR1.180610.011.A505USQU3ASL6, unknown, unknown, unknown, 23, write_cmd,0,4831089189
OPSS28.85-17-6, PPR1.180610.011.A505USQU3ASL6, unknown, unknown, unknown, 23, write_cmd,0,4877517150
OPSS28.85-17-6, PPR1.180610.011.A505USQU3ASL6, unknown, unknown, unknown, 23, write_cmd,0,4878617496
OPSS28.85-17-6, PPR1.180610.011.A505USQU3ASL6, unknown, unknown, unknown, 23, write_cmd,0,4964708189
OPSS28.85-17-6, PPR1.180610.011.A505USQU3ASL6, unknown, unknown, unknown, 23, write_cmd,0,4966166458
OPSS28.85-17-6, PPR1.180610.011.A505USQU3ASL6, unknown, unknown, unknown, 23, write_cmd,0,5055477881
OPSS28.85-17-6, PPR1.180610.011.A505USQU3ASL6, unknown, unknown, unknown, 23, write_cmd,0,5056930881
OPSS28.85-17-6, PPR1.180610.011.A505USQU3ASL6, unknown, unknown, unknown, 23, write_cmd,0,5099591073
OPSS28.85-17-6, PPR1.180610.011.A505USQU3ASL6, unknown, unknown, unknown, 23, write_cmd,0,5101220765
OPSS28.85-17-6, PPR1.180610.011.A505USQU3ASL6, unknown, unknown, unknown, 23, write_cmd,0,5144803189
OPSS28.85-17-6, PPR1.180610.011.A505USQU3ASL6, unknown, unknown, unknown, 23, write_cmd,0,5146692227
OPSS28.85-17-6, PPR1.180610.011.A505USQU3ASL6, unknown, unknown, unknown, 23, write_cmd,0,5190422727
OPSS28.85-17-6, PPR1.180610.011.A505USQU3ASL6, unknown, unknown, unknown, 23, write_cmd,0,5192580265
OPSS28.85-17-6, PPR1.180610.011.A505USQU3ASL6, unknown, unknown, unknown, 23, write_cmd,0,5279182419
OPSS28.85-17-6, PPR1.180610.011.A505USQU3ASL6, unknown, unknown, unknown, 23, write_cmd,0,5326196804
OPSS28.85-17-6, PPR1.180610.011.A505USQU3ASL6, unknown, unknown, unknown, 23, write_cmd,0,5328356227
OPSS28.85-17-6, PPR1.180610.011.A505USQU3ASL6, unknown, unknown, unknown, 23, write_cmd,0,5368802111
OPSS28.85-17-6, PPR1.180610.011.A505USQU3ASL6, unknown, unknown, unknown, 23, write_cmd,0,5372343150
OPSS28.85-17-6, PPR1.180610.011.A505USQU3ASL6, unknown, unknown, unknown, 23, write_cmd,0,5414558150
OPSS28.85-17-6, PPR1.180610.011.A505USQU3ASL6, unknown, unknown, unknown, 23, write_cmd,0,5416667727
OPSS28.85-17-6, PPR1.180610.011.A505USQU3ASL6, unknown, unknown, unknown, 23, write_cmd,0,5459218727
OPSS28.85-17-6, PPR1.180610.011.A505USQU3ASL6, unknown, unknown, unknown, 23, write_cmd,0,5461309304
OPSS28.85-17-6, PPR1.180610.011.A505USQU3ASL6, unknown, unknown, unknown, 23, write_cmd,0,5549825188
OPSS28.85-17-6, PPR1.180610.011.A505USQU3ASL6, unknown, unknown, unknown, 23, write_cmd,0,5552045034
OPSS28.85-17-6, PPR1.180610.011.A505USQU3ASL6, unknown, unknown, unknown, 23, write_cmd,0,5594747611
OPSS28.85-17-6, PPR1.180610.011.A505USQU3ASL6, unknown, unknown, unknown, 23, write_cmd,0,5639916688
OPSS28.85-17-6, PPR1.180610.011.A505USQU3ASL6, unknown, unknown, unknown, 23, write_cmd,0,5642194457
OPSS28.85-17-6, PPR1.180610.011.A505USQU3ASL6, unknown, unknown, unknown, 23, write_cmd,0,5685151150
OPSS28.85-17-6, PPR1.180610.011.A505USQU3ASL6, unknown, unknown, unknown, 23, write_cmd,0,5687496265
OPSS28.85-17-6, PPR1.180610.011.A505USQU3ASL6, unknown, unknown, unknown, 23, write_cmd,0,5730389842
OPSS28.85-17-6, PPR1.180610.011.A505USQU3ASL6, unknown, unknown, unknown, 23, write_cmd,0,5732556265
OPSS28.85-17-6, PPR1.180610.011.A505USQU3ASL6, unknown, unknown, unknown, 23, write_cmd,0,5775260534
OPSS28.85-17-6, PPR1.180610.011.A505USQU3ASL6, unknown, unknown, unknown, 23, write_cmd,0,5777369303
OPSS28.85-17-6, PPR1.180610.011.A505USQU3ASL6, unknown, unknown, unknown, 23, write_cmd,0,5864509880
OPSS28.85-17-6, PPR1.180610.011.A505USQU3ASL6, unknown, unknown, unknown, 23, write_cmd,0,5866914688
OPSS28.85-17-6, PPR1.180610.011.A505USQU3ASL6, unknown, unknown, unknown, 23, write_cmd,0,5909336611
OPSS28.85-17-6, PPR1.180610.011.A505USQU3ASL6, unknown, unknown, unknown, 23, write_cmd,0,5914295765
OPSS28.85-17-6, PPR1.180610.011.A505USQU3ASL6, unknown, unknown, unknown, 23, write_cmd,0,5955669880
OPSS28.85-17-6, PPR1.180610.011.A505USQU3ASL6, unknown, unknown, unknown, 23, write_cmd,0,5958147611
OPSS28.85-17-6, PPR1.180610.011.A505USQU3ASL6, unknown, unknown, unknown, 23, write_cmd,0,6000128765
OPSS28.85-17-6, PPR1.180610.011.A505USQU3ASL6, unknown, unknown, unknown, 23, write_cmd,0,6002407265
OPSS28.85-17-6, PPR1.180610.011.A505USQU3ASL6, unknown, unknown, unknown, 23, write_cmd,0,6045186996
OPSS28.85-17-6, PPR1.180610.011.A505USQU3ASL6, unknown, unknown, unknown, 23, write_cmd,0,6047695649
OPSS28.85-17-6, PPR1.180610.011.A505USQU3ASL6, unknown, unknown, unknown, 23, write_cmd,0,6089655688
OPSS28.85-17-6, PPR1.180610.011.A505USQU3ASL6, unknown, unknown, unknown, 23, write_cmd,0,6094904342
OPSS28.85-17-6, PPR1.180610.011.A505USQU3ASL6, unknown, unknown, unknown, 23, write_cmd,0,6180425611
OPSS28.85-17-6, PPR1.180610.011.A505USQU3ASL6, unknown, unknown, unknown, 23, write_cmd,0,6182855188
OPSS28.85-17-6, PPR1.180610.011.A505USQU3ASL6, unknown, unknown, unknown, 23, write_cmd,0,6224562188
OPSS28.85-17-6, PPR1.180610.011.A505USQU3ASL6, unknown, unknown, unknown, 23, write_cmd,0,6226923188
OPSS28.85-17-6, PPR1.180610.011.A505USQU3ASL6, unknown, unknown, unknown, 23, write_cmd,0,6272914265
OPSS28.85-17-6, PPR1.180610.011.A505USQU3ASL6, unknown, unknown, unknown, 23, write_cmd,0,6275346765
OPSS28.85-17-6, PPR1.180610.011.A505USQU3ASL6, unknown, unknown, unknown, 23, write_cmd,0,6314754380
OPSS28.85-17-6, PPR1.180610.011.A505USQU3ASL6, unknown, unknown, unknown, 23, write_cmd,0,6316862726
OPSS28.85-17-6, PPR1.180610.011.A505USQU3ASL6, unknown, unknown, unknown, 23, write_cmd,0,6358861341
OPSS28.85-17-6, PPR1.180610.011.A505USQU3ASL6, unknown, unknown, unknown, 23, write_cmd,0,6360548957
OPSS28.85-17-6, PPR1.180610.011.A505USQU3ASL6, unknown, unknown, unknown, 23, write_cmd,0,6403792534
OPSS28.85-17-6, PPR1.180610.011.A505USQU3ASL6, unknown, unknown, unknown, 23, write_cmd,0,6405878072
OPSS28.85-17-6, PPR1.180610.011.A505USQU3ASL6, unknown, unknown, unknown, 23, write_cmd,0,6495931688
OPSS28.85-17-6, PPR1.180610.011.A505USQU3ASL6, unknown, unknown, unknown, 23, write_cmd,0,6498423534
OPSS28.85-17-6, PPR1.180610.011.A505USQU3ASL6, unknown, unknown, unknown, 23, write_cmd,0,6536875457
OPSS28.85-17-6, PPR1.180610.011.A505USQU3ASL6, unknown, unknown, unknown, 23, write_cmd,0,6538212918
OPSS28.85-17-6, PPR1.180610.011.A505USQU3ASL6, unknown, unknown, unknown, 23, write_cmd,0,6584967303
OPSS28.85-17-6, PPR1.180610.011.A505USQU3ASL6, unknown, unknown, unknown, 23, write_cmd,0,6587453995
OPSS28.85-17-6, PPR1.180610.011.A505USQU3ASL6, unknown, unknown, unknown, 23, write_cmd,0,6630369495
OPSS28.85-17-6, PPR1.180610.011.A505USQU3ASL6, unknown, unknown, unknown, 23, write_cmd,0,6632532803
OPSS28.85-17-6, PPR1.180610.011.A505USQU3ASL6, unknown, unknown, unknown, 23, write_cmd,0,6675127649
OPSS28.85-17-6, PPR1.180610.011.A505USQU3ASL6, unknown, unknown, unknown, 23, write_cmd,0,6677207418
OPSS28.85-17-6, PPR1.180610.011.A505USQU3ASL6, unknown, unknown, unknown, 23, write_cmd,0,6719623610
OPSS28.85-17-6, PPR1.180610.011.A505USQU3ASL6, unknown, unknown, unknown, 23, write_cmd,0,6721951726
OPSS28.85-17-6, PPR1.180610.011.A505USQU3ASL6, unknown, unknown, unknown, 23, write_cmd,0,6812649072
OPSS28.85-17-6, PPR1.180610.011.A505USQU3ASL6, unknown, unknown, unknown, 23, write_cmd,0,6815140841
OPSS28.85-17-6, PPR1.180610.011.A505USQU3ASL6, unknown, unknown, unknown, 23, write_cmd,0,6854454726
OPSS28.85-17-6, PPR1.180610.011.A505USQU3ASL6, unknown, unknown, unknown, 23, write_cmd,0,6856617572
OPSS28.85-17-6, PPR1.180610.011.A505USQU3ASL6, unknown, unknown, unknown, 23, write_cmd,0,6899359610
OPSS28.85-17-6, PPR1.180610.011.A505USQU3ASL6, unknown, unknown, unknown, 23, write_cmd,0,6901688418
OPSS28.85-17-6, PPR1.180610.011.A505USQU3ASL6, unknown, unknown, unknown, 23, write_cmd,0,6945153726
OPSS28.85-17-6, PPR1.180610.011.A505USQU3ASL6, unknown, unknown, unknown, 23, write_cmd,0,6947602764
OPSS28.85-17-6, PPR1.180610.011.A505USQU3ASL6, unknown, unknown, unknown, 23, write_cmd,0,6990454341
OPSS28.85-17-6, PPR1.180610.011.A505USQU3ASL6, unknown, unknown, unknown, 23, write_cmd,0,6992635418
OPSS28.85-17-6, PPR1.180610.011.A505USQU3ASL6, unknown, unknown, unknown, 23, write_cmd,0,7035087649
OPSS28.85-17-6, PPR1.180610.011.A505USQU3ASL6, unknown, unknown, unknown, 23, write_cmd,0,7037734379
OPSS28.85-17-6, PPR1.180610.011.A505USQU3ASL6, unknown, unknown, unknown, 23, write_cmd,0,7079515226
OPSS28.85-17-6, PPR1.180610.011.A505USQU3ASL6, unknown, unknown, unknown, 23, write_cmd,0,7082048687
OPSS28.85-17-6, PPR1.180610.011.A505USQU3ASL6, unknown, unknown, unknown, 23, write_cmd,0,7124123226
OPSS28.85-17-6, PPR1.180610.011.A505USQU3ASL6, unknown, unknown, unknown, 23, write_cmd,0,7126717956
OPSS28.85-17-6, PPR1.180610.011.A505USQU3ASL6, unknown, unknown, unknown, 23, write_cmd,0,7170438726
OPSS28.85-17-6, PPR1.180610.011.A505USQU3ASL6, unknown, unknown, unknown, 23, write_cmd,0,7172608379
OPSS28.85-17-6, PPR1.180610.011.A505USQU3ASL6, unknown, unknown, unknown, 23, write_cmd,0,7215409879
OPSS28.85-17-6, PPR1.180610.011.A505USQU3ASL6, unknown, unknown, unknown, 23, write_cmd,0,7217762649
OPSS28.85-17-6, PPR1.180610.011.A505USQU3ASL6, unknown, unknown, unknown, 23, write_cmd,0,7304942072
OPSS28.85-17-6, PPR1.180610.011.A505USQU3ASL6, unknown, unknown, unknown, 23, write_cmd,0,7307287918
OPSS28.85-17-6, PPR1.180610.011.A505USQU3ASL6, unknown, unknown, unknown, 23, write_cmd,0,7395722687
OPSS28.85-17-6, PPR1.180610.011.A505USQU3ASL6, unknown, unknown, unknown, 23, write_cmd,0,7397984995
OPSS28.85-17-6, PPR1.180610.011.A505USQU3ASL6, unknown, unknown, unknown, 23, write_cmd,0,7439886110
OPSS28.85-17-6, PPR1.180610.011.A505USQU3ASL6, unknown, unknown, unknown, 23, write_cmd,0,7442187148
OPSS28.85-17-6, PPR1.180610.011.A505USQU3ASL6, unknown, unknown, unknown, 23, write_cmd,0,7485031033
OPSS28.85-17-6, PPR1.180610.011.A505USQU3ASL6, unknown, unknown, unknown, 23, write_cmd,0,7487287033
OPSS28.85-17-6, PPR1.180610.011.A505USQU3ASL6, unknown, unknown, unknown, 23, write_cmd,0,7531304494
OPSS28.85-17-6, PPR1.180610.011.A505USQU3ASL6, unknown, unknown, unknown, 23, write_cmd,0,7534407764
OPSS28.85-17-6, PPR1.180610.011.A505USQU3ASL6, unknown, unknown, unknown, 23, write_cmd,0,7575306379
OPSS28.85-17-6, PPR1.180610.011.A505USQU3ASL6, unknown, unknown, unknown, 23, write_cmd,0,7577396494
OPSS28.85-17-6, PPR1.180610.011.A505USQU3ASL6, unknown, unknown, unknown, 23, write_cmd,0,7619684302
OPSS28.85-17-6, PPR1.180610.011.A505USQU3ASL6, unknown, unknown, unknown, 23, write_cmd,0,7622005879
OPSS28.85-17-6, PPR1.180610.011.A505USQU3ASL6, unknown, unknown, unknown, 23, write_cmd,0,7711384225
OPSS28.85-17-6, PPR1.180610.011.A505USQU3ASL6, unknown, unknown, unknown, 23, write_cmd,0,7714388571
OPSS28.85-17-6, PPR1.180610.011.A505USQU3ASL6, unknown, unknown, unknown, 23, write_cmd,0,7755077764
OPSS28.85-17-6, PPR1.180610.011.A505USQU3ASL6, unknown, unknown, unknown, 23, write_cmd,0,7758554610
OPSS28.85-17-6, PPR1.180610.011.A505USQU3ASL6, unknown, unknown, unknown, 23, write_cmd,0,7800174456
OPSS28.85-17-6, PPR1.180610.011.A505USQU3ASL6, unknown, unknown, unknown, 23, write_cmd,0,7802405379
OPSS28.85-17-6, PPR1.180610.011.A505USQU3ASL6, unknown, unknown, unknown, 23, write_cmd,0,7844585033
OPSS28.85-17-6, PPR1.180610.011.A505USQU3ASL6, unknown, unknown, unknown, 23, write_cmd,0,7846954648
OPSS28.85-17-6, PPR1.180610.011.A505USQU3ASL6, unknown, unknown, unknown, 23, write_cmd,0,7889935763
OPSS28.85-17-6, PPR1.180610.011.A505USQU3ASL6, unknown, unknown, unknown, 23, write_cmd,0,7892125763
OPSS28.85-17-6, PPR1.180610.011.A505USQU3ASL6, unknown, unknown, unknown, 23, write_cmd,0,7934956494
OPSS28.85-17-6, PPR1.180610.011.A505USQU3ASL6, unknown, unknown, unknown, 23, write_cmd,0,7937246725
OPSS28.85-17-6, PPR1.180610.011.A505USQU3ASL6, unknown, unknown, unknown, 23, write_cmd,0,8024415263
OPSS28.85-17-6, PPR1.180610.011.A505USQU3ASL6, unknown, unknown, unknown, 23, write_cmd,0,8026736802
OPSS28.85-17-6, PPR1.180610.011.A505USQU3ASL6, unknown, unknown, unknown, 23, write_cmd,0,8069792917
OPSS28.85-17-6, PPR1.180610.011.A505USQU3ASL6, unknown, unknown, unknown, 23, write_cmd,0,8072009725
OPSS28.85-17-6, PPR1.180610.011.A505USQU3ASL6, unknown, unknown, unknown, 23, write_cmd,0,8114960763
OPSS28.85-17-6, PPR1.180610.011.A505USQU3ASL6, unknown, unknown, unknown, 23, write_cmd,0,8117073417
OPSS28.85-17-6, PPR1.180610.011.A505USQU3ASL6, unknown, unknown, unknown, 23, write_cmd,0,8159834802
OPSS28.85-17-6, PPR1.180610.011.A505USQU3ASL6, unknown, unknown, unknown, 23, write_cmd,0,8163682494
OPSS28.85-17-6, PPR1.180610.011.A505USQU3ASL6, unknown, unknown, unknown, 23, write_cmd,0,8202512417
OPSS28.85-17-6, PPR1.180610.011.A505USQU3ASL6, unknown, unknown, unknown, 23, write_cmd,0,8204579071
OPSS28.85-17-6, PPR1.180610.011.A505USQU3ASL6, unknown, unknown, unknown, 23, write_cmd,0,8248515148
OPSS28.85-17-6, PPR1.180610.011.A505USQU3ASL6, unknown, unknown, unknown, 23, write_cmd,0,8250121494
OPSS28.85-17-6, PPR1.180610.011.A505USQU3ASL6, unknown, unknown, unknown, 23, write_cmd,0,8339367379
OPSS28.85-17-6, PPR1.180610.011.A505USQU3ASL6, unknown, unknown, unknown, 23, write_cmd,0,8341703225
OPSS28.85-17-6, PPR1.180610.011.A505USQU3ASL6, unknown, unknown, unknown, 23, write_cmd,0,8384178109
OPSS28.85-17-6, PPR1.180610.011.A505USQU3ASL6, unknown, unknown, unknown, 23, write_cmd,0,8388854648
OPSS28.85-17-6, PPR1.180610.011.A505USQU3ASL6, unknown, unknown, unknown, 23, write_cmd,0,8429022263
OPSS28.85-17-6, PPR1.180610.011.A505USQU3ASL6, unknown, unknown, unknown, 23, write_cmd,0,8432444225
OPSS28.85-17-6, PPR1.180610.011.A505USQU3ASL6, unknown, unknown, unknown, 23, write_cmd,0,8473787686
OPSS28.85-17-6, PPR1.180610.011.A505USQU3ASL6, unknown, unknown, unknown, 23, write_cmd,0,8475442802
OPSS28.85-17-6, PPR1.180610.011.A505USQU3ASL6, unknown, unknown, unknown, 23, write_cmd,0,8517984955
OPSS28.85-17-6, PPR1.180610.011.A505USQU3ASL6, unknown, unknown, unknown, 23, write_cmd,0,8519478455
OPSS28.85-17-6, PPR1.180610.011.A505USQU3ASL6, unknown, unknown, unknown, 23, write_cmd,0,8564520301
OPSS28.85-17-6, PPR1.180610.011.A505USQU3ASL6, unknown, unknown, unknown, 23, write_cmd,0,8566931725
OPSS28.85-17-6, PPR1.180610.011.A505USQU3ASL6, unknown, unknown, unknown, 23, write_cmd,0,8655257648
OPSS28.85-17-6, PPR1.180610.011.A505USQU3ASL6, unknown, unknown, unknown, 23, write_cmd,0,8657735301
OPSS28.85-17-6, PPR1.180610.011.A505USQU3ASL6, unknown, unknown, unknown, 23, write_cmd,0,8699934417
OPSS28.85-17-6, PPR1.180610.011.A505USQU3ASL6, unknown, unknown, unknown, 23, write_cmd,0,8702119532
OPSS28.85-17-6, PPR1.180610.011.A505USQU3ASL6, unknown, unknown, unknown, 23, write_cmd,0,8745069263
OPSS28.85-17-6, PPR1.180610.011.A505USQU3ASL6, unknown, unknown, unknown, 23, write_cmd,0,8747404071
OPSS28.85-17-6, PPR1.180610.011.A505USQU3ASL6, unknown, unknown, unknown, 23, write_cmd,0,8790458686
OPSS28.85-17-6, PPR1.180610.011.A505USQU3ASL6, unknown, unknown, unknown, 23, write_cmd,0,8792666417
OPSS28.85-17-6, PPR1.180610.011.A505USQU3ASL6, unknown, unknown, unknown, 23, write_cmd,0,8835451340
OPSS28.85-17-6, PPR1.180610.011.A505USQU3ASL6, unknown, unknown, unknown, 23, write_cmd,0,8837714878
OPSS28.85-17-6, PPR1.180610.011.A505USQU3ASL6, unknown, unknown, unknown, 23, write_cmd,0,8881053994
OPSS28.85-17-6, PPR1.180610.011.A505USQU3ASL6, unknown, unknown, unknown, 23, write_cmd,0,8883456378
OPSS28.85-17-6, PPR1.180610.011.A505USQU3ASL6, unknown, unknown, unknown, 23, write_cmd,0,8925173032
OPSS28.85-17-6, PPR1.180610.011.A505USQU3ASL6, unknown, unknown, unknown, 23, write_cmd,0,8927532493
OPSS28.85-17-6, PPR1.180610.011.A505USQU3ASL6, unknown, unknown, unknown, 23, write_cmd,0,8970444993
OPSS28.85-17-6, PPR1.180610.011.A505USQU3ASL6, unknown, unknown, unknown, 23, write_cmd,0,8972660186
OPSS28.85-17-6, PPR1.180610.011.A505USQU3ASL6, unknown, unknown, unknown, 23, write_cmd,0,9014593840
OPSS28.85-17-6, PPR1.180610.011.A505USQU3ASL6, unknown, unknown, unknown, 23, write_cmd,0,9016882070
OPSS28.85-17-6, PPR1.180610.011.A505USQU3ASL6, unknown, unknown, unknown, 23, write_cmd,0,9060539955
OPSS28.85-17-6, PPR1.180610.011.A505USQU3ASL6, unknown, unknown, unknown, 23, write_cmd,0,9062956416
OPSS28.85-17-6, PPR1.180610.011.A505USQU3ASL6, unknown, unknown, unknown, 23, write_cmd,0,9110917070
OPSS28.85-17-6, PPR1.180610.011.A505USQU3ASL6, unknown, unknown, unknown, 23, write_cmd,0,9113651186
OPSS28.85-17-6, PPR1.180610.011.A505USQU3ASL6, unknown, unknown, unknown, 23, write_cmd,0,9150397416
OPSS28.85-17-6, PPR1.180610.011.A505USQU3ASL6, unknown, unknown, unknown, 23, write_cmd,0,9152607416
OPSS28.85-17-6, PPR1.180610.011.A505USQU3ASL6, unknown, unknown, unknown, 23, write_cmd,0,9240179109
OPSS28.85-17-6, PPR1.180610.011.A505USQU3ASL6, unknown, unknown, unknown, 23, write_cmd,0,9242529378
OPSS28.85-17-6, PPR1.180610.011.A505USQU3ASL6, unknown, unknown, unknown, 23, write_cmd,0,9284557147
OPSS28.85-17-6, PPR1.180610.011.A505USQU3ASL6, unknown, unknown, unknown, 23, write_cmd,0,9286924878
OPSS28.85-17-6, PPR1.180610.011.A505USQU3ASL6, unknown, unknown, unknown, 23, write_cmd,0,9328873686
OPSS28.85-17-6, PPR1.180610.011.A505USQU3ASL6, unknown, unknown, unknown, 23, write_cmd,0,9329973762
OPSS28.85-17-6, PPR1.180610.011.A505USQU3ASL6, unknown, unknown, unknown, 23, write_cmd,0,9375114839
OPSS28.85-17-6, PPR1.180610.011.A505USQU3ASL6, unknown, unknown, unknown, 23, write_cmd,0,9377225224
OPSS28.85-17-6, PPR1.180610.011.A505USQU3ASL6, unknown, unknown, unknown, 23, write_cmd,0,9420007185
OPSS28.85-17-6, PPR1.180610.011.A505USQU3ASL6, unknown, unknown, unknown, 23, write_cmd,0,9422325032
OPSS28.85-17-6, PPR1.180610.011.A505USQU3ASL6, unknown, unknown, unknown, 23, write_cmd,0,9465352147
OPSS28.85-17-6, PPR1.180610.011.A505USQU3ASL6, unknown, unknown, unknown, 23, write_cmd,0,9467680532
OPSS28.85-17-6, PPR1.180610.011.A505USQU3ASL6, unknown, unknown, unknown, 23, write_cmd,0,9555217339
OPSS28.85-17-6, PPR1.180610.011.A505USQU3ASL6, unknown, unknown, unknown, 23, write_cmd,0,9557827070
OPSS28.85-17-6, PPR1.180610.011.A505USQU3ASL6, unknown, unknown, unknown, 23, write_cmd,0,9600278878
OPSS28.85-17-6, PPR1.180610.011.A505USQU3ASL6, unknown, unknown, unknown, 23, write_cmd,0,9602580262
OPSS28.85-17-6, PPR1.180610.011.A505USQU3ASL6, unknown, unknown, unknown, 23, write_cmd,0,9644600378
OPSS28.85-17-6, PPR1.180610.011.A505USQU3ASL6, unknown, unknown, unknown, 23, write_cmd,0,9646956108
OPSS28.85-17-6, PPR1.180610.011.A505USQU3ASL6, unknown, unknown, unknown, 23, write_cmd,0,9690711608
OPSS28.85-17-6, PPR1.180610.011.A505USQU3ASL6, unknown, unknown, unknown, 23, write_cmd,0,9693091301
OPSS28.85-17-6, PPR1.180610.011.A505USQU3ASL6, unknown, unknown, unknown, 23, write_cmd,0,9735208416
OPSS28.85-17-6, PPR1.180610.011.A505USQU3ASL6, unknown, unknown, unknown, 23, write_cmd,0,9737392685
OPSS28.85-17-6, PPR1.180610.011.A505USQU3ASL6, unknown, unknown, unknown, 23, write_cmd,0,9779767339
OPSS28.85-17-6, PPR1.180610.011.A505USQU3ASL6, unknown, unknown, unknown, 23, write_cmd,0,9782081762
OPSS28.85-17-6, PPR1.180610.011.A505USQU3ASL6, unknown, unknown, unknown, 23, write_cmd,0,9870587224
OPSS28.85-17-6, PPR1.180610.011.A505USQU3ASL6, unknown, unknown, unknown, 23, write_cmd,0,9874509108
OPSS28.85-17-6, PPR1.180610.011.A505USQU3ASL6, unknown, unknown, unknown, 23, write_cmd,0,9915607531
OPSS28.85-17-6, PPR1.180610.011.A505USQU3ASL6, unknown, unknown, unknown, 23, write_cmd,0,9918019339
OPSS28.85-17-6, PPR1.180610.011.A505USQU3ASL6, unknown, unknown, unknown, 23, write_cmd,0,9961293031
OPSS28.85-17-6, PPR1.180610.011.A505USQU3ASL6, unknown, unknown, unknown, 23, write_cmd,0,9968691031
OPSS28.85-17-6, PPR1.180610.011.A505USQU3ASL6, unknown, unknown, unknown, 23, write_cmd,0,10004991339
OPSS28.85-17-6, PPR1.180610.011.A505USQU3ASL6, unknown, unknown, unknown, 23, write_cmd,0,10007272993
OPSS28.85-17-6, PPR1.180610.011.A505USQU3ASL6, unknown, unknown, unknown, 23, write_cmd,0,10050338877
OPSS28.85-17-6, PPR1.180610.011.A505USQU3ASL6, unknown, unknown, unknown, 23, write_cmd,0,10052601147
OPSS28.85-17-6, PPR1.180610.011.A505USQU3ASL6, unknown, unknown, unknown, 23, write_cmd,0,10095725377
OPSS28.85-17-6, PPR1.180610.011.A505USQU3ASL6, unknown, unknown, unknown, 23, write_cmd,0,10098139877
OPSS28.85-17-6, PPR1.180610.011.A505USQU3ASL6, unknown, unknown, unknown, 23, write_cmd,0,10185170454
OPSS28.85-17-6, PPR1.180610.011.A505USQU3ASL6, unknown, unknown, unknown, 23, write_cmd,0,10187589877
OPSS28.85-17-6, PPR1.180610.011.A505USQU3ASL6, unknown, unknown, unknown, 23, write_cmd,0,10230499262
OPSS28.85-17-6, PPR1.180610.011.A505USQU3ASL6, unknown, unknown, unknown, 23, write_cmd,0,10232687646
OPSS28.85-17-6, PPR1.180610.011.A505USQU3ASL6, unknown, unknown, unknown, 23, write_cmd,0,10274483916
OPSS28.85-17-6, PPR1.180610.011.A505USQU3ASL6, unknown, unknown, unknown, 23, write_cmd,0,10276681993
OPSS28.85-17-6, PPR1.180610.011.A505USQU3ASL6, unknown, unknown, unknown, 23, write_cmd,0,10319616992
OPSS28.85-17-6, PPR1.180610.011.A505USQU3ASL6, unknown, unknown, unknown, 23, write_cmd,0,10321973416
OPSS28.85-17-6, PPR1.180610.011.A505USQU3ASL6, unknown, unknown, unknown, 23, write_cmd,0,10364362108
OPSS28.85-17-6, PPR1.180610.011.A505USQU3ASL6, unknown, unknown, unknown, 23, write_cmd,0,10366657646
OPSS28.85-17-6, PPR1.180610.011.A505USQU3ASL6, unknown, unknown, unknown, 23, write_cmd,0,10411974646
OPSS28.85-17-6, PPR1.180610.011.A505USQU3ASL6, unknown, unknown, unknown, 23, write_cmd,0,10414606685
OPSS28.85-17-6, PPR1.180610.011.A505USQU3ASL6, unknown, unknown, unknown, 23, write_cmd,0,10456718685
OPSS28.85-17-6, PPR1.180610.011.A505USQU3ASL6, unknown, unknown, unknown, 23, write_cmd,0,10459100954
OPSS28.85-17-6, PPR1.180610.011.A505USQU3ASL6, unknown, unknown, unknown, 23, write_cmd,0,10500520185
OPSS28.85-17-6, PPR1.180610.011.A505USQU3ASL6, unknown, unknown, unknown, 23, write_cmd,0,10502966185
OPSS28.85-17-6, PPR1.180610.011.A505USQU3ASL6, unknown, unknown, unknown, 23, write_cmd,0,10545279954
OPSS28.85-17-6, PPR1.180610.011.A505USQU3ASL6, unknown, unknown, unknown, 23, write_cmd,0,10547592415
OPSS28.85-17-6, PPR1.180610.011.A505USQU3ASL6, unknown, unknown, unknown, 23, write_cmd,0,10591987838
OPSS28.85-17-6, PPR1.180610.011.A505USQU3ASL6, unknown, unknown, unknown, 23, write_cmd,0,10594453685
OPSS28.85-17-6, PPR1.180610.011.A505USQU3ASL6, unknown, unknown, unknown, 23, write_cmd,0,10635372492
OPSS28.85-17-6, PPR1.180610.011.A505USQU3ASL6, unknown, unknown, unknown, 23, write_cmd,0,10637936454
OPSS28.85-17-6, PPR1.180610.011.A505USQU3ASL6, unknown, unknown, unknown, 23, write_cmd,0,10680280185
OPSS28.85-17-6, PPR1.180610.011.A505USQU3ASL6, unknown, unknown, unknown, 23, write_cmd,0,10682537877
OPSS28.85-17-6, PPR1.180610.011.A505USQU3ASL6, unknown, unknown, unknown, 23, write_cmd,0,10769860338
OPSS28.85-17-6, PPR1.180610.011.A505USQU3ASL6, unknown, unknown, unknown, 23, write_cmd,0,10773165723
OPSS28.85-17-6, PPR1.180610.011.A505USQU3ASL6, unknown, unknown, unknown, 23, write_cmd,0,10815091992
OPSS28.85-17-6, PPR1.180610.011.A505USQU3ASL6, unknown, unknown, unknown, 23, write_cmd,0,10817196723
OPSS28.85-17-6, PPR1.180610.011.A505USQU3ASL6, unknown, unknown, unknown, 23, write_cmd,0,10904930915
OPSS28.85-17-6, PPR1.180610.011.A505USQU3ASL6, unknown, unknown, unknown, 23, write_cmd,0,10907337415
OPSS28.85-17-6, PPR1.180610.011.A505USQU3ASL6, unknown, unknown, unknown, 23, write_cmd,0,10949796377
OPSS28.85-17-6, PPR1.180610.011.A505USQU3ASL6, unknown, unknown, unknown, 23, write_cmd,0,10952724877
OPSS28.85-17-6, PPR1.180610.011.A505USQU3ASL6, unknown, unknown, unknown, 23, write_cmd,0,10995754454
OPSS28.85-17-6, PPR1.180610.011.A505USQU3ASL6, unknown, unknown, unknown, 23, write_cmd,0,10998114338
OPSS28.85-17-6, PPR1.180610.011.A505USQU3ASL6, unknown, unknown, unknown, 23, write_cmd,0,11084561338
OPSS28.85-17-6, PPR1.180610.011.A505USQU3ASL6, unknown, unknown, unknown, 23, write_cmd,0,11086893300
OPSS28.85-17-6, PPR1.180610.011.A505USQU3ASL6, unknown, unknown, unknown, 23, write_cmd,0,11133105530
OPSS28.85-17-6, PPR1.180610.011.A505USQU3ASL6, unknown, unknown, unknown, 23, write_cmd,0,11135893030
OPSS28.85-17-6, PPR1.180610.011.A505USQU3ASL6, unknown, unknown, unknown, 23, write_cmd,0,11175439684
OPSS28.85-17-6, PPR1.180610.011.A505USQU3ASL6, unknown, unknown, unknown, 23, write_cmd,0,11177999300
OPSS28.85-17-6, PPR1.180610.011.A505USQU3ASL6, unknown, unknown, unknown, 23, write_cmd,0,11220794646
OPSS28.85-17-6, PPR1.180610.011.A505USQU3ASL6, unknown, unknown, unknown, 23, write_cmd,0,11235890761
OPSS28.85-17-6, PPR1.180610.011.A505USQU3ASL6, unknown, unknown, unknown, 23, write_cmd,0,11263638915
OPSS28.85-17-6, PPR1.180610.011.A505USQU3ASL6, unknown, unknown, unknown, 23, write_cmd,0,11267212415
OPSS28.85-17-6, PPR1.180610.011.A505USQU3ASL6, unknown, unknown, unknown, 23, write_cmd,0,11308950569
OPSS28.85-17-6, PPR1.180610.011.A505USQU3ASL6, unknown, unknown, unknown, 23, write_cmd,0,11310961415
OPSS28.85-17-6, PPR1.180610.011.A505USQU3ASL6, unknown, unknown, unknown, 23, write_cmd,0,11354778299
OPSS28.85-17-6, PPR1.180610.011.A505USQU3ASL6, unknown, unknown, unknown, 23, write_cmd,0,11399661030
OPSS28.85-17-6, PPR1.180610.011.A505USQU3ASL6, unknown, unknown, unknown, 23, write_cmd,0,11402032338
OPSS28.85-17-6, PPR1.180610.011.A505USQU3ASL6, unknown, unknown, unknown, 23, write_cmd,0,11493050030
OPSS28.85-17-6, PPR1.180610.011.A505USQU3ASL6, unknown, unknown, unknown, 23, write_cmd,0,11495477146
OPSS28.85-17-6, PPR1.180610.011.A505USQU3ASL6, unknown, unknown, unknown, 23, write_cmd,0,11534706184
OPSS28.85-17-6, PPR1.180610.011.A505USQU3ASL6, unknown, unknown, unknown, 23, write_cmd,0,11536853761
OPSS28.85-17-6, PPR1.180610.011.A505USQU3ASL6, unknown, unknown, unknown, 23, write_cmd,0,11579847722
OPSS28.85-17-6, PPR1.180610.011.A505USQU3ASL6, unknown, unknown, unknown, 23, write_cmd,0,11582302953
OPSS28.85-17-6, PPR1.180610.011.A505USQU3ASL6, unknown, unknown, unknown, 23, write_cmd,0,11622086453
OPSS28.85-17-6, PPR1.180610.011.A505USQU3ASL6, unknown, unknown, unknown, 23, write_cmd,0,11623210799
OPSS28.85-17-6, PPR1.180610.011.A505USQU3ASL6, unknown, unknown, unknown, 23, write_cmd,0,11670603030
OPSS28.85-17-6, PPR1.180610.011.A505USQU3ASL6, unknown, unknown, unknown, 23, write_cmd,0,11672637761
OPSS28.85-17-6, PPR1.180610.011.A505USQU3ASL6, unknown, unknown, unknown, 23, write_cmd,0,11715597222
OPSS28.85-17-6, PPR1.180610.011.A505USQU3ASL6, unknown, unknown, unknown, 23, write_cmd,0,11718024222
OPSS28.85-17-6, PPR1.180610.011.A505USQU3ASL6, unknown, unknown, unknown, 23, write_cmd,0,11760204107
OPSS28.85-17-6, PPR1.180610.011.A505USQU3ASL6, unknown, unknown, unknown, 23, write_cmd,0,11762491068
OPSS28.85-17-6, PPR1.180610.011.A505USQU3ASL6, unknown, unknown, unknown, 23, write_cmd,0,11805700107
OPSS28.85-17-6, PPR1.180610.011.A505USQU3ASL6, unknown, unknown, unknown, 23, write_cmd,0,11807894530
OPSS28.85-17-6, PPR1.180610.011.A505USQU3ASL6, unknown, unknown, unknown, 23, write_cmd,0,11850496107
OPSS28.85-17-6, PPR1.180610.011.A505USQU3ASL6, unknown, unknown, unknown, 23, write_cmd,0,11895039761
OPSS28.85-17-6, PPR1.180610.011.A505USQU3ASL6, unknown, unknown, unknown, 23, write_cmd,0,11897197838
OPSS28.85-17-6, PPR1.180610.011.A505USQU3ASL6, unknown, unknown, unknown, 23, write_cmd,0,11939722299
OPSS28.85-17-6, PPR1.180610.011.A505USQU3ASL6, unknown, unknown, unknown, 23, write_cmd,0,11942055414
OPSS28.85-17-6, PPR1.180610.011.A505USQU3ASL6, unknown, unknown, unknown, 23, write_cmd,0,11984554684
OPSS28.85-17-6, PPR1.180610.011.A505USQU3ASL6, unknown, unknown, unknown, 23, write_cmd,0,11986861491
OPSS28.85-17-6, PPR1.180610.011.A505USQU3ASL6, unknown, unknown, unknown, 23, write_cmd,0,12034320376
OPSS28.85-17-6, PPR1.180610.011.A505USQU3ASL6, unknown, unknown, unknown, 23, write_cmd,0,12036470261
OPSS28.85-17-6, PPR1.180610.011.A505USQU3ASL6, unknown, unknown, unknown, 23, write_cmd,0,12072250953
OPSS28.85-17-6, PPR1.180610.011.A505USQU3ASL6, unknown, unknown, unknown, 23, write_cmd,0,12073394530
OPSS28.85-17-6, PPR1.180610.011.A505USQU3ASL6, unknown, unknown, unknown, 23, write_cmd,0,12117063030
OPSS28.85-17-6, PPR1.180610.011.A505USQU3ASL6, unknown, unknown, unknown, 23, write_cmd,0,12118265107
OPSS28.85-17-6, PPR1.180610.011.A505USQU3ASL6, unknown, unknown, unknown, 23, write_cmd,0,12212891991
OPSS28.85-17-6, PPR1.180610.011.A505USQU3ASL6, unknown, unknown, unknown, 23, write_cmd,0,12215297337
OPSS28.85-17-6, PPR1.180610.011.A505USQU3ASL6, unknown, unknown, unknown, 23, write_cmd,0,12255843991
OPSS28.85-17-6, PPR1.180610.011.A505USQU3ASL6, unknown, unknown, unknown, 23, write_cmd,0,12258111991
OPSS28.85-17-6, PPR1.180610.011.A505USQU3ASL6, unknown, unknown, unknown, 23, write_cmd,0,12299771953
OPSS28.85-17-6, PPR1.180610.011.A505USQU3ASL6, unknown, unknown, unknown, 23, write_cmd,0,12302113760
OPSS28.85-17-6, PPR1.180610.011.A505USQU3ASL6, unknown, unknown, unknown, 23, write_cmd,0,12344615030
OPSS28.85-17-6, PPR1.180610.011.A505USQU3ASL6, unknown, unknown, unknown, 23, write_cmd,0,12346959068
OPSS28.85-17-6, PPR1.180610.011.A505USQU3ASL6, unknown, unknown, unknown, 23, write_cmd,0,12390455337
OPSS28.85-17-6, PPR1.180610.011.A505USQU3ASL6, unknown, unknown, unknown, 23, write_cmd,0,12392617529
OPSS28.85-17-6, PPR1.180610.011.A505USQU3ASL6, unknown, unknown, unknown, 23, write_cmd,0,12456241453
OPSS28.85-17-6, PPR1.180610.011.A505USQU3ASL6, unknown, unknown, unknown, 23, write_cmd,0,12458961068
OPSS28.85-17-6, PPR1.180610.011.A505USQU3ASL6, unknown, unknown, unknown, 23, write_cmd,0,12480823645
OPSS28.85-17-6, PPR1.180610.011.A505USQU3ASL6, unknown, unknown, unknown, 23, write_cmd,0,12482703529
OPSS28.85-17-6, PPR1.180610.011.A505USQU3ASL6, unknown, unknown, unknown, 23, write_cmd,0,12523291068
OPSS28.85-17-6, PPR1.180610.011.A505USQU3ASL6, unknown, unknown, unknown, 23, write_cmd,0,12528080952
OPSS28.85-17-6, PPR1.180610.011.A505USQU3ASL6, unknown, unknown, unknown, 23, write_cmd,0,12569112068
OPSS28.85-17-6, PPR1.180610.011.A505USQU3ASL6, unknown, unknown, unknown, 23, write_cmd,0,12571611529
OPSS28.85-17-6, PPR1.180610.011.A505USQU3ASL6, unknown, unknown, unknown, 23, write_cmd,0,12612420645
OPSS28.85-17-6, PPR1.180610.011.A505USQU3ASL6, unknown, unknown, unknown, 23, write_cmd,0,12613933337
OPSS28.85-17-6, PPR1.180610.011.A505USQU3ASL6, unknown, unknown, unknown, 23, write_cmd,0,12660426875
OPSS28.85-17-6, PPR1.180610.011.A505USQU3ASL6, unknown, unknown, unknown, 23, write_cmd,0,12662744914
OPSS28.85-17-6, PPR1.180610.011.A505USQU3ASL6, unknown, unknown, unknown, 23, write_cmd,0,12704557645
OPSS28.85-17-6, PPR1.180610.011.A505USQU3ASL6, unknown, unknown, unknown, 23, write_cmd,0,12706776683
OPSS28.85-17-6, PPR1.180610.011.A505USQU3ASL6, unknown, unknown, unknown, 23, write_cmd,0,12749390645
OPSS28.85-17-6, PPR1.180610.011.A505USQU3ASL6, unknown, unknown, unknown, 23, write_cmd,0,12751461068
OPSS28.85-17-6, PPR1.180610.011.A505USQU3ASL6, unknown, unknown, unknown, 23, write_cmd,0,12793020952
OPSS28.85-17-6, PPR1.180610.011.A505USQU3ASL6, unknown, unknown, unknown, 23, write_cmd,0,12794229068
OPSS28.85-17-6, PPR1.180610.011.A505USQU3ASL6, unknown, unknown, unknown, 23, write_cmd,0,12838352029
OPSS28.85-17-6, PPR1.180610.011.A505USQU3ASL6, unknown, unknown, unknown, 23, write_cmd,0,12844603683
OPSS28.85-17-6, PPR1.180610.011.A505USQU3ASL6, unknown, unknown, unknown, 23, write_cmd,0,12846030991
OPSS28.85-17-6, PPR1.180610.011.A505USQU3ASL6, unknown, unknown, unknown, 23, write_cmd,0,12847377721
OPSS28.85-17-6, PPR1.180610.011.A505USQU3ASL6, unknown, unknown, unknown, 23, write_cmd,0,12848660375
OPSS28.85-17-6, PPR1.180610.011.A505USQU3ASL6, unknown, unknown, unknown, 23, write_cmd,0,12850244529
OPSS28.85-17-6, PPR1.180610.011.A505USQU3ASL6, unknown, unknown, unknown, 23, write_cmd,0,12851879645
OPSS28.85-17-6, PPR1.180610.011.A505USQU3ASL6, unknown, unknown, unknown, 23, write_cmd,0,12928294606
OPSS28.85-17-6, PPR1.180610.011.A505USQU3ASL6, unknown, unknown, unknown, 23, write_cmd,0,12931898298
OPSS28.85-17-6, PPR1.180610.011.A505USQU3ASL6, unknown, unknown, unknown, 23, write_cmd,0,12933665991
OPSS28.85-17-6, PPR1.180610.011.A505USQU3ASL6, unknown, unknown, unknown, 23, write_cmd,0,12935178914
OPSS28.85-17-6, PPR1.180610.011.A505USQU3ASL6, unknown, unknown, unknown, 23, write_cmd,0,12936780029
OPSS28.85-17-6, PPR1.180610.011.A505USQU3ASL6, unknown, unknown, unknown, 23, write_cmd,0,12939855837
OPSS28.85-17-6, PPR1.180610.011.A505USQU3ASL6, unknown, unknown, unknown, 23, write_cmd,0,12941630106
OPSS28.85-17-6, PPR1.180610.011.A505USQU3ASL6, unknown, unknown, unknown, 23, write_cmd,0,12947768837
OPSS28.85-17-6, PPR1.180610.011.A505USQU3ASL6, unknown, unknown, unknown, 23, write_cmd,0,12949592106
OPSS28.85-17-6, PPR1.180610.011.A505USQU3ASL6, unknown, unknown, unknown, 23, write_cmd,0,12950945721
OPSS28.85-17-6, PPR1.180610.011.A505USQU3ASL6, unknown, unknown, unknown, 23, write_cmd,0,12954497991
OPSS28.85-17-6, PPR1.180610.011.A505USQU3ASL6, unknown, unknown, unknown, 23, write_cmd,0,12956147491
OPSS28.85-17-6, PPR1.180610.011.A505USQU3ASL6, unknown, unknown, unknown, 23, write_cmd,0,12957733721
OPSS28.85-17-6, PPR1.180610.011.A505USQU3ASL6, unknown, unknown, unknown, 23, write_cmd,0,12959006683
OPSS28.85-17-6, PPR1.180610.011.A505USQU3ASL6, unknown, unknown, unknown, 23, write_cmd,0,12960560068
OPSS28.85-17-6, PPR1.180610.011.A505USQU3ASL6, unknown, unknown, unknown, 23, write_cmd,0,12961948568
OPSS28.85-17-6, PPR1.180610.011.A505USQU3ASL6, unknown, unknown, unknown, 23, write_cmd,0,12963177068
OPSS28.85-17-6, PPR1.180610.011.A505USQU3ASL6, unknown, unknown, unknown, 23, write_cmd,0,12964723260
OPSS28.85-17-6, PPR1.180610.011.A505USQU3ASL6, unknown, unknown, unknown, 23, write_cmd,0,12966026298
OPSS28.85-17-6, PPR1.180610.011.A505USQU3ASL6, unknown, unknown, unknown, 23, write_cmd,0,12967171337
OPSS28.85-17-6, PPR1.180610.011.A505USQU3ASL6, unknown, unknown, unknown, 23, write_cmd,0,12968338260
OPSS28.85-17-6, PPR1.180610.011.A505USQU3ASL6, unknown, unknown, unknown, 23, write_cmd,0,12969743029
OPSS28.85-17-6, PPR1.180610.011.A505USQU3ASL6, unknown, unknown, unknown, 23, write_cmd,0,12972815875
OPSS28.85-17-6, PPR1.180610.011.A505USQU3ASL6, unknown, unknown, unknown, 23, write_cmd,0,12974752760
OPSS28.85-17-6, PPR1.180610.011.A505USQU3ASL6, unknown, unknown, unknown, 23, write_cmd,0,12976146029
OPSS28.85-17-6, PPR1.180610.011.A505USQU3ASL6, unknown, unknown, unknown, 23, write_cmd,0,12977246568
OPSS28.85-17-6, PPR1.180610.011.A505USQU3ASL6, unknown, unknown, unknown, 23, write_cmd,0,12978615221
OPSS28.85-17-6, PPR1.180610.011.A505USQU3ASL6, unknown, unknown, unknown, 23, write_cmd,0,12979886568
OPSS28.85-17-6, PPR1.180610.011.A505USQU3ASL6, unknown, unknown, unknown, 23, write_cmd,0,12981136991
OPSS28.85-17-6, PPR1.180610.011.A505USQU3ASL6, unknown, unknown, unknown, 23, write_cmd,0,12982330952
OPSS28.85-17-6, PPR1.180610.011.A505USQU3ASL6, unknown, unknown, unknown, 23, write_cmd,0,12983442491
OPSS28.85-17-6, PPR1.180610.011.A505USQU3ASL6, unknown, unknown, unknown, 23, write_cmd,0,12984700837
OPSS28.85-17-6, PPR1.180610.011.A505USQU3ASL6, unknown, unknown, unknown, 23, write_cmd,0,12985917337
OPSS28.85-17-6, PPR1.180610.011.A505USQU3ASL6, unknown, unknown, unknown, 23, write_cmd,0,12987126837
OPSS28.85-17-6, PPR1.180610.011.A505USQU3ASL6, unknown, unknown, unknown, 23, write_cmd,0,12988302298
OPSS28.85-17-6, PPR1.180610.011.A505USQU3ASL6, unknown, unknown, unknown, 23, write_cmd,0,12989353798
OPSS28.85-17-6, PPR1.180610.011.A505USQU3ASL6, unknown, unknown, unknown, 23, write_cmd,0,12990864914
OPSS28.85-17-6, PPR1.180610.011.A505USQU3ASL6, unknown, unknown, unknown, 23, write_cmd,0,12992217606
OPSS28.85-17-6, PPR1.180610.011.A505USQU3ASL6, unknown, unknown, unknown, 23, write_cmd,0,12993332529
OPSS28.85-17-6, PPR1.180610.011.A505USQU3ASL6, unknown, unknown, unknown, 23, write_cmd,0,12994538452
OPSS28.85-17-6, PPR1.180610.011.A505USQU3ASL6, unknown, unknown, unknown, 23, write_cmd,0,12995537452
OPSS28.85-17-6, PPR1.180610.011.A505USQU3ASL6, unknown, unknown, unknown, 23, write_cmd,0,12996492260
OPSS28.85-17-6, PPR1.180610.011.A505USQU3ASL6, unknown, unknown, unknown, 23, write_cmd,0,12997592221
OPSS28.85-17-6, PPR1.180610.011.A505USQU3ASL6, unknown, unknown, unknown, 23, write_cmd,0,13016794683
OPSS28.85-17-6, PPR1.180610.011.A505USQU3ASL6, unknown, unknown, unknown, 23, write_cmd,0,13017885260
OPSS28.85-17-6, PPR1.180610.011.A505USQU3ASL6, unknown, unknown, unknown, 23, write_cmd,0,13018817683
OPSS28.85-17-6, PPR1.180610.011.A505USQU3ASL6, unknown, unknown, unknown, 23, write_cmd,0,13019788375
OPSS28.85-17-6, PPR1.180610.011.A505USQU3ASL6, unknown, unknown, unknown, 23, write_cmd,0,13020722144
OPSS28.85-17-6, PPR1.180610.011.A505USQU3ASL6, unknown, unknown, unknown, 23, write_cmd,0,13021770183
OPSS28.85-17-6, PPR1.180610.011.A505USQU3ASL6, unknown, unknown, unknown, 23, write_cmd,0,13022728260
OPSS28.85-17-6, PPR1.180610.011.A505USQU3ASL6, unknown, unknown, unknown, 23, write_cmd,0,13023736798
OPSS28.85-17-6, PPR1.180610.011.A505USQU3ASL6, unknown, unknown, unknown, 23, write_cmd,0,13024648952
OPSS28.85-17-6, PPR1.180610.011.A505USQU3ASL6, unknown, unknown, unknown, 23, write_cmd,0,13025814375
OPSS28.85-17-6, PPR1.180610.011.A505USQU3ASL6, unknown, unknown, unknown, 23, write_cmd,0,13026778837
OPSS28.85-17-6, PPR1.180610.011.A505USQU3ASL6, unknown, unknown, unknown, 23, write_cmd,0,13027626952
OPSS28.85-17-6, PPR1.180610.011.A505USQU3ASL6, unknown, unknown, unknown, 23, write_cmd,0,13106919414
OPSS28.85-17-6, PPR1.180610.011.A505USQU3ASL6, unknown, unknown, unknown, 23, write_cmd,0,13107776106
OPSS28.85-17-6, PPR1.180610.011.A505USQU3ASL6, unknown, unknown, unknown, 23, write_cmd,0,13152458952
OPSS28.85-17-6, PPR1.180610.011.A505USQU3ASL6, unknown, unknown, unknown, 23, write_cmd,0,13153873837
OPSS28.85-17-6, PPR1.180610.011.A505USQU3ASL6, unknown, unknown, unknown, 23, write_cmd,0,13155190183
OPSS28.85-17-6, PPR1.180610.011.A505USQU3ASL6, unknown, unknown, unknown, 23, write_cmd,0,13156467952
OPSS28.85-17-6, PPR1.180610.011.A505USQU3ASL6, unknown, unknown, unknown, 23, write_cmd,0,13157833183
OPSS28.85-17-6, PPR1.180610.011.A505USQU3ASL6, unknown, unknown, unknown, 23, write_cmd,0,13159016529
OPSS28.85-17-6, PPR1.180610.011.A505USQU3ASL6, unknown, unknown, unknown, 23, write_cmd,0,13160236452
OPSS28.85-17-6, PPR1.180610.011.A505USQU3ASL6, unknown, unknown, unknown, 23, write_cmd,0,13161234106
OPSS28.85-17-6, PPR1.180610.011.A505USQU3ASL6, unknown, unknown, unknown, 23, write_cmd,0,13162376337
OPSS28.85-17-6, PPR1.180610.011.A505USQU3ASL6, unknown, unknown, unknown, 23, write_cmd,0,13163349490
OPSS28.85-17-6, PPR1.180610.011.A505USQU3ASL6, unknown, unknown, unknown, 23, write_cmd,0,13197229375
OPSS28.85-17-6, PPR1.180610.011.A505USQU3ASL6, unknown, unknown, unknown, 23, write_cmd,0,13198650221
OPSS28.85-17-6, PPR1.180610.011.A505USQU3ASL6, unknown, unknown, unknown, 23, write_cmd,0,13199884760
OPSS28.85-17-6, PPR1.180610.011.A505USQU3ASL6, unknown, unknown, unknown, 23, write_cmd,0,13201644221
OPSS28.85-17-6, PPR1.180610.011.A505USQU3ASL6, unknown, unknown, unknown, 23, write_cmd,0,13202644914
OPSS28.85-17-6, PPR1.180610.011.A505USQU3ASL6, unknown, unknown, unknown, 23, write_cmd,0,13203699144
OPSS28.85-17-6, PPR1.180610.011.A505USQU3ASL6, unknown, unknown, unknown, 23, write_cmd,0,13206333298
OPSS28.85-17-6, PPR1.180610.011.A505USQU3ASL6, unknown, unknown, unknown, 23, write_cmd,0,13207395760
OPSS28.85-17-6, PPR1.180610.011.A505USQU3ASL6, unknown, unknown, unknown, 23, write_cmd,0,13208908952
OPSS28.85-17-6, PPR1.180610.011.A505USQU3ASL6, unknown, unknown, unknown, 23, write_cmd,0,13210314414
OPSS28.85-17-6, PPR1.180610.011.A505USQU3ASL6, unknown, unknown, unknown, 23, write_cmd,0,13211317106
OPSS28.85-17-6, PPR1.180610.011.A505USQU3ASL6, unknown, unknown, unknown, 23, write_cmd,0,13212273644
OPSS28.85-17-6, PPR1.180610.011.A505USQU3ASL6, unknown, unknown, unknown, 23, write_cmd,0,13213167067
OPSS28.85-17-6, PPR1.180610.011.A505USQU3ASL6, unknown, unknown, unknown, 23, write_cmd,0,13214188606
OPSS28.85-17-6, PPR1.180610.011.A505USQU3ASL6, unknown, unknown, unknown, 23, write_cmd,0,13215063144
OPSS28.85-17-6, PPR1.180610.011.A505USQU3ASL6, unknown, unknown, unknown, 23, write_cmd,0,13215988837
OPSS28.85-17-6, PPR1.180610.011.A505USQU3ASL6, unknown, unknown, unknown, 23, write_cmd,0,13216909490
OPSS28.85-17-6, PPR1.180610.011.A505USQU3ASL6, unknown, unknown, unknown, 23, write_cmd,0,13217968952
OPSS28.85-17-6, PPR1.180610.011.A505USQU3ASL6, unknown, unknown, unknown, 23, write_cmd,0,13218804106
OPSS28.85-17-6, PPR1.180610.011.A505USQU3ASL6, unknown, unknown, unknown, 23, write_cmd,0,13219569029
OPSS28.85-17-6, PPR1.180610.011.A505USQU3ASL6, unknown, unknown, unknown, 23, write_cmd,0,13220394337
OPSS28.85-17-6, PPR1.180610.011.A505USQU3ASL6, unknown, unknown, unknown, 23, write_cmd,0,13221212106
OPSS28.85-17-6, PPR1.180610.011.A505USQU3ASL6, unknown, unknown, unknown, 23, write_cmd,0,13222101952
OPSS28.85-17-6, PPR1.180610.011.A505USQU3ASL6, unknown, unknown, unknown, 23, write_cmd,0,13222883567
OPSS28.85-17-6, PPR1.180610.011.A505USQU3ASL6, unknown, unknown, unknown, 23, write_cmd,0,13223800529
OPSS28.85-17-6, PPR1.180610.011.A505USQU3ASL6, unknown, unknown, unknown, 23, write_cmd,0,13224759683
OPSS28.85-17-6, PPR1.180610.011.A505USQU3ASL6, unknown, unknown, unknown, 23, write_cmd,0,13225841913
OPSS28.85-17-6, PPR1.180610.011.A505USQU3ASL6, unknown, unknown, unknown, 23, write_cmd,0,13226810337
OPSS28.85-17-6, PPR1.180610.011.A505USQU3ASL6, unknown, unknown, unknown, 23, write_cmd,0,13227726144
OPSS28.85-17-6, PPR1.180610.011.A505USQU3ASL6, unknown, unknown, unknown, 23, write_cmd,0,13228524106
OPSS28.85-17-6, PPR1.180610.011.A505USQU3ASL6, unknown, unknown, unknown, 23, write_cmd,0,13229917337
OPSS28.85-17-6, PPR1.180610.011.A505USQU3ASL6, unknown, unknown, unknown, 23, write_cmd,0,13232180106
OPSS28.85-17-6, PPR1.180610.011.A505USQU3ASL6, unknown, unknown, unknown, 23, write_cmd,0,13233068337
OPSS28.85-17-6, PPR1.180610.011.A505USQU3ASL6, unknown, unknown, unknown, 23, write_cmd,0,13233986567
OPSS28.85-17-6, PPR1.180610.011.A505USQU3ASL6, unknown, unknown, unknown, 23, write_cmd,0,13250286567
OPSS28.85-17-6, PPR1.180610.011.A505USQU3ASL6, unknown, unknown, unknown, 23, write_cmd,0,13251204106
OPSS28.85-17-6, PPR1.180610.011.A505USQU3ASL6, unknown, unknown, unknown, 23, write_cmd,0,13252352683
OPSS28.85-17-6, PPR1.180610.011.A505USQU3ASL6, unknown, unknown, unknown, 23, write_cmd,0,13253549106
OPSS28.85-17-6, PPR1.180610.011.A505USQU3ASL6, unknown, unknown, unknown, 23, write_cmd,0,13256481721
OPSS28.85-17-6, PPR1.180610.011.A505USQU3ASL6, unknown, unknown, unknown, 23, write_cmd,0,13258605644
OPSS28.85-17-6, PPR1.180610.011.A505USQU3ASL6, unknown, unknown, unknown, 23, write_cmd,0,13262082067
OPSS28.85-17-6, PPR1.180610.011.A505USQU3ASL6, unknown, unknown, unknown, 23, write_cmd,0,13262652837
OPSS28.85-17-6, PPR1.180610.011.A505USQU3ASL6, unknown, unknown, unknown, 23, write_cmd,0,13263023721
OPSS28.85-17-6, PPR1.180610.011.A505USQU3ASL6, unknown, unknown, unknown, 23, write_cmd,0,13263382567
OPSS28.85-17-6, PPR1.180610.011.A505USQU3ASL6, unknown, unknown, unknown, 23, write_cmd,0,13263748875
OPSS28.85-17-6, PPR1.180610.011.A505USQU3ASL6, unknown, unknown, unknown, 23, write_cmd,0,13264102260
OPSS28.85-17-6, PPR1.180610.011.A505USQU3ASL6, unknown, unknown, unknown, 23, write_cmd,0,13264461913
OPSS28.85-17-6, PPR1.180610.011.A505USQU3ASL6, unknown, unknown, unknown, 23, write_cmd,0,13330517260
OPSS28.85-17-6, PPR1.180610.011.A505USQU3ASL6, unknown, unknown, unknown, 23, write_cmd,0,13331371336
OPSS28.85-17-6, PPR1.180610.011.A505USQU3ASL6, unknown, unknown, unknown, 23, write_cmd,0,13375849029
OPSS28.85-17-6, PPR1.180610.011.A505USQU3ASL6, unknown, unknown, unknown, 23, write_cmd,0,13376051260
OPSS28.85-17-6, PPR1.180610.011.A505USQU3ASL6, unknown, unknown, unknown, 23, write_cmd,0,13420879644
OPSS28.85-17-6, PPR1.180610.011.A505USQU3ASL6, unknown, unknown, unknown, 23, write_cmd,0,13421523298
OPSS28.85-17-6, PPR1.180610.011.A505USQU3ASL6, unknown, unknown, unknown, 23, write_cmd,0,13467723413
OPSS28.85-17-6, PPR1.180610.011.A505USQU3ASL6, unknown, unknown, unknown, 23, write_cmd,0,13468586452
OPSS28.85-17-6, PPR1.180610.011.A505USQU3ASL6, unknown, unknown, unknown, 23, write_cmd,0,13511634913
OPSS28.85-17-6, PPR1.180610.011.A505USQU3ASL6, unknown, unknown, unknown, 23, write_cmd,0,13512399529
OPSS28.85-17-6, PPR1.180610.011.A505USQU3ASL6, unknown, unknown, unknown, 23, write_cmd,0,13556861529
OPSS28.85-17-6, PPR1.180610.011.A505USQU3ASL6, unknown, unknown, unknown, 23, write_cmd,0,13557646990
OPSS28.85-17-6, PPR1.180610.011.A505USQU3ASL6, unknown, unknown, unknown, 23, write_cmd,0,13646352259
OPSS28.85-17-6, PPR1.180610.011.A505USQU3ASL6, unknown, unknown, unknown, 23, write_cmd,0,13647205298
OPSS28.85-17-6, PPR1.180610.011.A505USQU3ASL6, unknown, unknown, unknown, 23, write_cmd,0,13690724144
OPSS28.85-17-6, PPR1.180610.011.A505USQU3ASL6, unknown, unknown, unknown, 23, write_cmd,0,13691623798
OPSS28.85-17-6, PPR1.180610.011.A505USQU3ASL6, unknown, unknown, unknown, 23, write_cmd,0,13736311605
OPSS28.85-17-6, PPR1.180610.011.A505USQU3ASL6, unknown, unknown, unknown, 23, write_cmd,0,13737169990
OPSS28.85-17-6, PPR1.180610.011.A505USQU3ASL6, unknown, unknown, unknown, 23, write_cmd,0,13781514990
OPSS28.85-17-6, PPR1.180610.011.A505USQU3ASL6, unknown, unknown, unknown, 23, write_cmd,0,13781992182
OPSS28.85-17-6, PPR1.180610.011.A505USQU3ASL6, unknown, unknown, unknown, 23, write_cmd,0,13827153605
OPSS28.85-17-6, PPR1.180610.011.A505USQU3ASL6, unknown, unknown, unknown, 23, write_cmd,0,13829133605
OPSS28.85-17-6, PPR1.180610.011.A505USQU3ASL6, unknown, unknown, unknown, 23, write_cmd,0,13874863336
OPSS28.85-17-6, PPR1.180610.011.A505USQU3ASL6, unknown, unknown, unknown, 23, write_cmd,0,13877077951
OPSS28.85-17-6, PPR1.180610.011.A505USQU3ASL6, unknown, unknown, unknown, 23, write_cmd,0,13966437913
OPSS28.85-17-6, PPR1.180610.011.A505USQU3ASL6, unknown, unknown, unknown, 23, write_cmd,0,13968661413
OPSS28.85-17-6, PPR1.180610.011.A505USQU3ASL6, unknown, unknown, unknown, 23, write_cmd,0,14009873336
OPSS28.85-17-6, PPR1.180610.011.A505USQU3ASL6, unknown, unknown, unknown, 23, write_cmd,0,14055089682
OPSS28.85-17-6, PPR1.180610.011.A505USQU3ASL6, unknown, unknown, unknown, 23, write_cmd,0,14099694490
OPSS28.85-17-6, PPR1.180610.011.A505USQU3ASL6, unknown, unknown, unknown, 23, write_cmd,0,14101953451
OPSS28.85-17-6, PPR1.180610.011.A505USQU3ASL6, unknown, unknown, unknown, 23, write_cmd,0,14145150836
OPSS28.85-17-6, PPR1.180610.011.A505USQU3ASL6, unknown, unknown, unknown, 23, write_cmd,0,14147400759
OPSS28.85-17-6, PPR1.180610.011.A505USQU3ASL6, unknown, unknown, unknown, 23, write_cmd,0,14190649413
OPSS28.85-17-6, PPR1.180610.011.A505USQU3ASL6, unknown, unknown, unknown, 23, write_cmd,0,14192707220
OPSS28.85-17-6, PPR1.180610.011.A505USQU3ASL6, unknown, unknown, unknown, 23, write_cmd,0,14279570028
OPSS28.85-17-6, PPR1.180610.011.A505USQU3ASL6, unknown, unknown, unknown, 23, write_cmd,0,14281878913
OPSS28.85-17-6, PPR1.180610.011.A505USQU3ASL6, unknown, unknown, unknown, 23, write_cmd,0,14324370297
OPSS28.85-17-6, PPR1.180610.011.A505USQU3ASL6, unknown, unknown, unknown, 23, write_cmd,0,14369748605
OPSS28.85-17-6, PPR1.180610.011.A505USQU3ASL6, unknown, unknown, unknown, 23, write_cmd,0,14371820990
OPSS28.85-17-6, PPR1.180610.011.A505USQU3ASL6, unknown, unknown, unknown, 23, write_cmd,0,14415589259
OPSS28.85-17-6, PPR1.180610.011.A505USQU3ASL6, unknown, unknown, unknown, 23, write_cmd,0,14418043874
OPSS28.85-17-6, PPR1.180610.011.A505USQU3ASL6, unknown, unknown, unknown, 23, write_cmd,0,14459594874
OPSS28.85-17-6, PPR1.180610.011.A505USQU3ASL6, unknown, unknown, unknown, 23, write_cmd,0,14461645528
OPSS28.85-17-6, PPR1.180610.011.A505USQU3ASL6, unknown, unknown, unknown, 23, write_cmd,0,14595347336
OPSS28.85-17-6, PPR1.180610.011.A505USQU3ASL6, unknown, unknown, unknown, 23, write_cmd,0,14597346566
OPSS28.85-17-6, PPR1.180610.011.A505USQU3ASL6, unknown, unknown, unknown, 23, write_cmd,0,14640137489
OPSS28.85-17-6, PPR1.180610.011.A505USQU3ASL6, unknown, unknown, unknown, 23, write_cmd,0,14642266989
OPSS28.85-17-6, PPR1.180610.011.A505USQU3ASL6, unknown, unknown, unknown, 23, write_cmd,0,14684482374
OPSS28.85-17-6, PPR1.180610.011.A505USQU3ASL6, unknown, unknown, unknown, 23, write_cmd,0,14686577297
OPSS28.85-17-6, PPR1.180610.011.A505USQU3ASL6, unknown, unknown, unknown, 23, write_cmd,0,14775238259
OPSS28.85-17-6, PPR1.180610.011.A505USQU3ASL6, unknown, unknown, unknown, 23, write_cmd,0,14777162797
OPSS28.85-17-6, PPR1.180610.011.A505USQU3ASL6, unknown, unknown, unknown, 23, write_cmd,0,14819678335
OPSS28.85-17-6, PPR1.180610.011.A505USQU3ASL6, unknown, unknown, unknown, 23, write_cmd,0,14864475682
OPSS28.85-17-6, PPR1.180610.011.A505USQU3ASL6, unknown, unknown, unknown, 23, write_cmd,0,14866670105
OPSS28.85-17-6, PPR1.180610.011.A505USQU3ASL6, unknown, unknown, unknown, 23, write_cmd,0,14911056566
OPSS28.85-17-6, PPR1.180610.011.A505USQU3ASL6, unknown, unknown, unknown, 23, write_cmd,0,14913989951
OPSS28.85-17-6, PPR1.180610.011.A505USQU3ASL6, unknown, unknown, unknown, 23, write_cmd,0,14955431220
OPSS28.85-17-6, PPR1.180610.011.A505USQU3ASL6, unknown, unknown, unknown, 23, write_cmd,0,14957347605
OPSS28.85-17-6, PPR1.180610.011.A505USQU3ASL6, unknown, unknown, unknown, 23, write_cmd,0,14999339028
OPSS28.85-17-6, PPR1.180610.011.A505USQU3ASL6, unknown, unknown, unknown, 23, write_cmd,0,15001239143
OPSS28.85-17-6, PPR1.180610.011.A505USQU3ASL6, unknown, unknown, unknown, 23, write_cmd,0,15044445374
OPSS28.85-17-6, PPR1.180610.011.A505USQU3ASL6, unknown, unknown, unknown, 23, write_cmd,0,15046637643
OPSS28.85-17-6, PPR1.180610.011.A505USQU3ASL6, unknown, unknown, unknown, 23, write_cmd,0,15089877989
OPSS28.85-17-6, PPR1.180610.011.A505USQU3ASL6, unknown, unknown, unknown, 23, write_cmd,0,15094949951
OPSS28.85-17-6, PPR1.180610.011.A505USQU3ASL6, unknown, unknown, unknown, 23, write_cmd,0,15179537297
OPSS28.85-17-6, PPR1.180610.011.A505USQU3ASL6, unknown, unknown, unknown, 23, write_cmd,0,15181652374
OPSS28.85-17-6, PPR1.180610.011.A505USQU3ASL6, unknown, unknown, unknown, 23, write_cmd,0,15232308412
OPSS28.85-17-6, PPR1.180610.011.A505USQU3ASL6, unknown, unknown, unknown, 23, write_cmd,0,15234824758
OPSS28.85-17-6, PPR1.180610.011.A505USQU3ASL6, unknown, unknown, unknown, 23, write_cmd,0,15270476566
OPSS28.85-17-6, PPR1.180610.011.A505USQU3ASL6, unknown, unknown, unknown, 23, write_cmd,0,15272453027
OPSS28.85-17-6, PPR1.180610.011.A505USQU3ASL6, unknown, unknown, unknown, 23, write_cmd,0,15316385143
OPSS28.85-17-6, PPR1.180610.011.A505USQU3ASL6, unknown, unknown, unknown, 23, write_cmd,0,15318484104
OPSS28.85-17-6, PPR1.180610.011.A505USQU3ASL6, unknown, unknown, unknown, 23, write_cmd,0,15360142604
OPSS28.85-17-6, PPR1.180610.011.A505USQU3ASL6, unknown, unknown, unknown, 23, write_cmd,0,15362245297
OPSS28.85-17-6, PPR1.180610.011.A505USQU3ASL6, unknown, unknown, unknown, 23, write_cmd,0,15407034797
OPSS28.85-17-6, PPR1.180610.011.A505USQU3ASL6, unknown, unknown, unknown, 23, write_cmd,0,15408936335
OPSS28.85-17-6, PPR1.180610.011.A505USQU3ASL6, unknown, unknown, unknown, 23, write_cmd,0,15495190796
OPSS28.85-17-6, PPR1.180610.011.A505USQU3ASL6, unknown, unknown, unknown, 23, write_cmd,0,15497112720
OPSS28.85-17-6, PPR1.180610.011.A505USQU3ASL6, unknown, unknown, unknown, 23, write_cmd,0,15539422027
OPSS28.85-17-6, PPR1.180610.011.A505USQU3ASL6, unknown, unknown, unknown, 23, write_cmd,0,15585059181
OPSS28.85-17-6, PPR1.180610.011.A505USQU3ASL6, unknown, unknown, unknown, 23, write_cmd,0,15630466566
OPSS28.85-17-6, PPR1.180610.011.A505USQU3ASL6, unknown, unknown, unknown, 23, write_cmd,0,15632451950
OPSS28.85-17-6, PPR1.180610.011.A505USQU3ASL6, unknown, unknown, unknown, 23, write_cmd,0,15675204143
OPSS28.85-17-6, PPR1.180610.011.A505USQU3ASL6, unknown, unknown, unknown, 23, write_cmd,0,15677256643
OPSS28.85-17-6, PPR1.180610.011.A505USQU3ASL6, unknown, unknown, unknown, 23, write_cmd,0,15720178989
OPSS28.85-17-6, PPR1.180610.011.A505USQU3ASL6, unknown, unknown, unknown, 23, write_cmd,0,15722450796
OPSS28.85-17-6, PPR1.180610.011.A505USQU3ASL6, unknown, unknown, unknown, 23, write_cmd,0,15810388373
OPSS28.85-17-6, PPR1.180610.011.A505USQU3ASL6, unknown, unknown, unknown, 23, write_cmd,0,15812493719
OPSS28.85-17-6, PPR1.180610.011.A505USQU3ASL6, unknown, unknown, unknown, 23, write_cmd,0,15855537989
OPSS28.85-17-6, PPR1.180610.011.A505USQU3ASL6, unknown, unknown, unknown, 23, write_cmd,0,15857771104
OPSS28.85-17-6, PPR1.180610.011.A505USQU3ASL6, unknown, unknown, unknown, 23, write_cmd,0,15899717489
OPSS28.85-17-6, PPR1.180610.011.A505USQU3ASL6, unknown, unknown, unknown, 23, write_cmd,0,15901757989
OPSS28.85-17-6, PPR1.180610.011.A505USQU3ASL6, unknown, unknown, unknown, 23, write_cmd,0,15945342450
OPSS28.85-17-6, PPR1.180610.011.A505USQU3ASL6, unknown, unknown, unknown, 23, write_cmd,0,15947560873
OPSS28.85-17-6, PPR1.180610.011.A505USQU3ASL6, unknown, unknown, unknown, 23, write_cmd,0,15992103258
OPSS28.85-17-6, PPR1.180610.011.A505USQU3ASL6, unknown, unknown, unknown, 23, write_cmd,0,15994618796
OPSS28.85-17-6, PPR1.180610.011.A505USQU3ASL6, unknown, unknown, unknown, 23, write_cmd,0,16035796681
OPSS28.85-17-6, PPR1.180610.011.A505USQU3ASL6, unknown, unknown, unknown, 23, write_cmd,0,16038119027
OPSS28.85-17-6, PPR1.180610.011.A505USQU3ASL6, unknown, unknown, unknown, 23, write_cmd,0,16124322527
OPSS28.85-17-6, PPR1.180610.011.A505USQU3ASL6, unknown, unknown, unknown, 23, write_cmd,0,16126420488
OPSS28.85-17-6, PPR1.180610.011.A505USQU3ASL6, unknown, unknown, unknown, 23, write_cmd,0,16170367450
OPSS28.85-17-6, PPR1.180610.011.A505USQU3ASL6, unknown, unknown, unknown, 23, write_cmd,0,16172397027
OPSS28.85-17-6, PPR1.180610.011.A505USQU3ASL6, unknown, unknown, unknown, 23, write_cmd,0,16215417565
OPSS28.85-17-6, PPR1.180610.011.A505USQU3ASL6, unknown, unknown, unknown, 23, write_cmd,0,16217388873
OPSS28.85-17-6, PPR1.180610.011.A505USQU3ASL6, unknown, unknown, unknown, 23, write_cmd,0,16260265796
OPSS28.85-17-6, PPR1.180610.011.A505USQU3ASL6, unknown, unknown, unknown, 23, write_cmd,0,16262410104
OPSS28.85-17-6, PPR1.180610.011.A505USQU3ASL6, unknown, unknown, unknown, 23, write_cmd,0,16304968719
OPSS28.85-17-6, PPR1.180610.011.A505USQU3ASL6, unknown, unknown, unknown, 23, write_cmd,0,16307107527
OPSS28.85-17-6, PPR1.180610.011.A505USQU3ASL6, unknown, unknown, unknown, 23, write_cmd,0,16350205988
OPSS28.85-17-6, PPR1.180610.011.A505USQU3ASL6, unknown, unknown, unknown, 23, write_cmd,0,16396220604
OPSS28.85-17-6, PPR1.180610.011.A505USQU3ASL6, unknown, unknown, unknown, 23, write_cmd,0,16398346257
OPSS28.85-17-6, PPR1.180610.011.A505USQU3ASL6, unknown, unknown, unknown, 23, write_cmd,0,16439804911
OPSS28.85-17-6, PPR1.180610.011.A505USQU3ASL6, unknown, unknown, unknown, 23, write_cmd,0,16441993565
OPSS28.85-17-6, PPR1.180610.011.A505USQU3ASL6, unknown, unknown, unknown, 23, write_cmd,0,16485166565
OPSS28.85-17-6, PPR1.180610.011.A505USQU3ASL6, unknown, unknown, unknown, 23, write_cmd,0,16487403527
OPSS28.85-17-6, PPR1.180610.011.A505USQU3ASL6, unknown, unknown, unknown, 23, write_cmd,0,16530303257
OPSS28.85-17-6, PPR1.180610.011.A505USQU3ASL6, unknown, unknown, unknown, 23, write_cmd,0,16532240219
OPSS28.85-17-6, PPR1.180610.011.A505USQU3ASL6, unknown, unknown, unknown, 23, write_cmd,0,16576691719
OPSS28.85-17-6, PPR1.180610.011.A505USQU3ASL6, unknown, unknown, unknown, 23, write_cmd,0,16578811911
OPSS28.85-17-6, PPR1.180610.011.A505USQU3ASL6, unknown, unknown, unknown, 23, write_cmd,0,16619882026
OPSS28.85-17-6, PPR1.180610.011.A505USQU3ASL6, unknown, unknown, unknown, 23, write_cmd,0,16621873911
OPSS28.85-17-6, PPR1.180610.011.A505USQU3ASL6, unknown, unknown, unknown, 23, write_cmd,0,16706712488
OPSS28.85-17-6, PPR1.180610.011.A505USQU3ASL6, unknown, unknown, unknown, 23, write_cmd,0,16707923026
OPSS28.85-17-6, PPR1.180610.011.A505USQU3ASL6, unknown, unknown, unknown, 23, write_cmd,0,16752769488
OPSS28.85-17-6, PPR1.180610.011.A505USQU3ASL6, unknown, unknown, unknown, 23, write_cmd,0,16754027065
OPSS28.85-17-6, PPR1.180610.011.A505USQU3ASL6, unknown, unknown, unknown, 23, write_cmd,0,16800471103
OPSS28.85-17-6, PPR1.180610.011.A505USQU3ASL6, unknown, unknown, unknown, 23, write_cmd,0,16802558872
OPSS28.85-17-6, PPR1.180610.011.A505USQU3ASL6, unknown, unknown, unknown, 23, write_cmd,0,16845316180
OPSS28.85-17-6, PPR1.180610.011.A505USQU3ASL6, unknown, unknown, unknown, 23, write_cmd,0,16847540603
OPSS28.85-17-6, PPR1.180610.011.A505USQU3ASL6, unknown, unknown, unknown, 23, write_cmd,0,16893920219
OPSS28.85-17-6, PPR1.180610.011.A505USQU3ASL6, unknown, unknown, unknown, 23, write_cmd,0,16895938334
OPSS28.85-17-6, PPR1.180610.011.A505USQU3ASL6, unknown, unknown, unknown, 23, write_cmd,0,16935020488
OPSS28.85-17-6, PPR1.180610.011.A505USQU3ASL6, unknown, unknown, unknown, 23, write_cmd,0,16936876795
OPSS28.85-17-6, PPR1.180610.011.A505USQU3ASL6, unknown, unknown, unknown, 23, write_cmd,0,17024480949
OPSS28.85-17-6, PPR1.180610.011.A505USQU3ASL6, unknown, unknown, unknown, 23, write_cmd,0,17026784757
OPSS28.85-17-6, PPR1.180610.011.A505USQU3ASL6, unknown, unknown, unknown, 23, write_cmd,0,17068923718
OPSS28.85-17-6, PPR1.180610.011.A505USQU3ASL6, unknown, unknown, unknown, 23, write_cmd,0,17071093911
OPSS28.85-17-6, PPR1.180610.011.A505USQU3ASL6, unknown, unknown, unknown, 23, write_cmd,0,17114589949
OPSS28.85-17-6, PPR1.180610.011.A505USQU3ASL6, unknown, unknown, unknown, 23, write_cmd,0,17116809565
OPSS28.85-17-6, PPR1.180610.011.A505USQU3ASL6, unknown, unknown, unknown, 23, write_cmd,0,17159511911
OPSS28.85-17-6, PPR1.180610.011.A505USQU3ASL6, unknown, unknown, unknown, 23, write_cmd,0,17161622449
OPSS28.85-17-6, PPR1.180610.011.A505USQU3ASL6, unknown, unknown, unknown, 23, write_cmd,0,17204526026
OPSS28.85-17-6, PPR1.180610.011.A505USQU3ASL6, unknown, unknown, unknown, 23, write_cmd,0,17206643603
OPSS28.85-17-6, PPR1.180610.011.A505USQU3ASL6, unknown, unknown, unknown, 23, write_cmd,0,17249973872
OPSS28.85-17-6, PPR1.180610.011.A505USQU3ASL6, unknown, unknown, unknown, 23, write_cmd,0,17251978718
OPSS28.85-17-6, PPR1.180610.011.A505USQU3ASL6, unknown, unknown, unknown, 23, write_cmd,0,17340258411
OPSS28.85-17-6, PPR1.180610.011.A505USQU3ASL6, unknown, unknown, unknown, 23, write_cmd,0,17342487641
OPSS28.85-17-6, PPR1.180610.011.A505USQU3ASL6, unknown, unknown, unknown, 23, write_cmd,0,17384547103
OPSS28.85-17-6, PPR1.180610.011.A505USQU3ASL6, unknown, unknown, unknown, 23, write_cmd,0,17386680526
OPSS28.85-17-6, PPR1.180610.011.A505USQU3ASL6, unknown, unknown, unknown, 23, write_cmd,0,17429853641
OPSS28.85-17-6, PPR1.180610.011.A505USQU3ASL6, unknown, unknown, unknown, 23, write_cmd,0,17431845757
OPSS28.85-17-6, PPR1.180610.011.A505USQU3ASL6, unknown, unknown, unknown, 23, write_cmd,0,17475116718
OPSS28.85-17-6, PPR1.180610.011.A505USQU3ASL6, unknown, unknown, unknown, 23, write_cmd,0,17477086526
OPSS28.85-17-6, PPR1.180610.011.A505USQU3ASL6, unknown, unknown, unknown, 23, write_cmd,0,17520131987
OPSS28.85-17-6, PPR1.180610.011.A505USQU3ASL6, unknown, unknown, unknown, 23, write_cmd,0,17522359026
OPSS28.85-17-6, PPR1.180610.011.A505USQU3ASL6, unknown, unknown, unknown, 23, write_cmd,0,17654518333
OPSS28.85-17-6, PPR1.180610.011.A505USQU3ASL6, unknown, unknown, unknown, 23, write_cmd,0,17656555064
OPSS28.85-17-6, PPR1.180610.011.A505USQU3ASL6, unknown, unknown, unknown, 23, write_cmd,0,17700221756
OPSS28.85-17-6, PPR1.180610.011.A505USQU3ASL6, unknown, unknown, unknown, 23, write_cmd,0,17702520680
OPSS28.85-17-6, PPR1.180610.011.A505USQU3ASL6, unknown, unknown, unknown, 23, write_cmd,0,17744740295
OPSS28.85-17-6, PPR1.180610.011.A505USQU3ASL6, unknown, unknown, unknown, 23, write_cmd,0,17747802679
OPSS28.85-17-6, PPR1.180610.011.A505USQU3ASL6, unknown, unknown, unknown, 23, write_cmd,0,17793305487
OPSS28.85-17-6, PPR1.180610.011.A505USQU3ASL6, unknown, unknown, unknown, 23, write_cmd,0,17795547449
OPSS28.85-17-6, PPR1.180610.011.A505USQU3ASL6, unknown, unknown, unknown, 23, write_cmd,0,17835723564
OPSS28.85-17-6, PPR1.180610.011.A505USQU3ASL6, unknown, unknown, unknown, 23, write_cmd,0,17837879603
OPSS28.85-17-6, PPR1.180610.011.A505USQU3ASL6, unknown, unknown, unknown, 23, write_cmd,0,17879622795
OPSS28.85-17-6, PPR1.180610.011.A505USQU3ASL6, unknown, unknown, unknown, 23, write_cmd,0,17881759910
OPSS28.85-17-6, PPR1.180610.011.A505USQU3ASL6, unknown, unknown, unknown, 23, write_cmd,0,17970543833
OPSS28.85-17-6, PPR1.180610.011.A505USQU3ASL6, unknown, unknown, unknown, 23, write_cmd,0,17975819256
OPSS28.85-17-6, PPR1.180610.011.A505USQU3ASL6, unknown, unknown, unknown, 23, write_cmd,0,18015093718
OPSS28.85-17-6, PPR1.180610.011.A505USQU3ASL6, unknown, unknown, unknown, 23, write_cmd,0,18017040872
OPSS28.85-17-6, PPR1.180610.011.A505USQU3ASL6, unknown, unknown, unknown, 23, write_cmd,0,18060474218
OPSS28.85-17-6, PPR1.180610.011.A505USQU3ASL6, unknown, unknown, unknown, 23, write_cmd,0,18062966218
OPSS28.85-17-6, PPR1.180610.011.A505USQU3ASL6, unknown, unknown, unknown, 23, write_cmd,0,18105312525
OPSS28.85-17-6, PPR1.180610.011.A505USQU3ASL6, unknown, unknown, unknown, 23, write_cmd,0,18107442064
OPSS28.85-17-6, PPR1.180610.011.A505USQU3ASL6, unknown, unknown, unknown, 23, write_cmd,0,18150708448
OPSS28.85-17-6, PPR1.180610.011.A505USQU3ASL6, unknown, unknown, unknown, 23, write_cmd,0,18152660295
OPSS28.85-17-6, PPR1.180610.011.A505USQU3ASL6, unknown, unknown, unknown, 23, write_cmd,0,18194997602
OPSS28.85-17-6, PPR1.180610.011.A505USQU3ASL6, unknown, unknown, unknown, 23, write_cmd,0,18196827102
OPSS28.85-17-6, PPR1.180610.011.A505USQU3ASL6, unknown, unknown, unknown, 23, write_cmd,0,18240331102
OPSS28.85-17-6, PPR1.180610.011.A505USQU3ASL6, unknown, unknown, unknown, 23, write_cmd,0,18242456179
OPSS28.85-17-6, PPR1.180610.011.A505USQU3ASL6, unknown, unknown, unknown, 23, write_cmd,0,18284582833
OPSS28.85-17-6, PPR1.180610.011.A505USQU3ASL6, unknown, unknown, unknown, 23, write_cmd,0,18286717294
OPSS28.85-17-6, PPR1.180610.011.A505USQU3ASL6, unknown, unknown, unknown, 23, write_cmd,0,18330493718
OPSS28.85-17-6, PPR1.180610.011.A505USQU3ASL6, unknown, unknown, unknown, 23, write_cmd,0,18332464718
OPSS28.85-17-6, PPR1.180610.011.A505USQU3ASL6, unknown, unknown, unknown, 23, write_cmd,0,18379635218
OPSS28.85-17-6, PPR1.180610.011.A505USQU3ASL6, unknown, unknown, unknown, 23, write_cmd,0,18380933294
OPSS28.85-17-6, PPR1.180610.011.A505USQU3ASL6, unknown, unknown, unknown, 23, write_cmd,0,18418144948
OPSS28.85-17-6, PPR1.180610.011.A505USQU3ASL6, unknown, unknown, unknown, 23, write_cmd,0,18419633064
OPSS28.85-17-6, PPR1.180610.011.A505USQU3ASL6, unknown, unknown, unknown, 23, write_cmd,0,18462094256
OPSS28.85-17-6, PPR1.180610.011.A505USQU3ASL6, unknown, unknown, unknown, 23, write_cmd,0,18463104102
OPSS28.85-17-6, PPR1.180610.011.A505USQU3ASL6, unknown, unknown, unknown, 23, write_cmd,0,18554761910
OPSS28.85-17-6, PPR1.180610.011.A505USQU3ASL6, unknown, unknown, unknown, 23, write_cmd,0,18556676410
OPSS28.85-17-6, PPR1.180610.011.A505USQU3ASL6, unknown, unknown, unknown, 23, write_cmd,0,18597175140
OPSS28.85-17-6, PPR1.180610.011.A505USQU3ASL6, unknown, unknown, unknown, 23, write_cmd,0,18598403717
OPSS28.85-17-6, PPR1.180610.011.A505USQU3ASL6, unknown, unknown, unknown, 23, write_cmd,0,18642032333
OPSS28.85-17-6, PPR1.180610.011.A505USQU3ASL6, unknown, unknown, unknown, 23, write_cmd,0,18642748217
OPSS28.85-17-6, PPR1.180610.011.A505USQU3ASL6, unknown, unknown, unknown, 23, write_cmd,0,18686990794
